{
	"info": {
		"_postman_id": "f6a3035f-b715-477d-a92d-879341c6be77",
		"name": "samplesAdminTasks",
		"schema": "https://schema.getpostman.com/json/collection/v2.1.0/collection.json"
	},
	"item": [
		{
			"name": "Request oAuth token",
			"request": {
				"method": "POST",
				"header": [
					{
						"key": "Authorization",
						"value": "{ReplaceWithBasicAuthToken}"
					}
				],
				"body": {
					"mode": "raw",
					"raw": ""
				},
				"url": {
					"raw": "{ReplaceWithOAuthTokenEndpoint}?grant_type=client_credentials",
					"host": [
						"{ReplaceWithOAuthTokenEndpoint}"
					],
					"query": [
						{
							"key": "grant_type",
							"value": "client_credentials"
						}
					]
				}
			},
			"response": []
		},
		{
			"name": "Get list of regions",
			"request": {
				"method": "GET",
				"header": [
					{
						"key": "Content-Type",
						"value": "application/json"
					},
					{
						"key": "Authorization",
						"value": "Bearer {{oauthAccessToken}}"
					}
				],
				"body": {
					"mode": "raw",
					"raw": ""
				},
				"url": {
					"raw": "{{applicationURL}}/refData/region",
					"host": [
						"{{applicationURL}}"
					],
					"path": [
						"refData",
						"region"
					]
				}
			},
			"response": []
		},
		{
			"name": "Get list of countries",
			"request": {
				"method": "GET",
				"header": [
					{
						"key": "Content-Type",
						"value": "application/json"
					},
					{
						"key": "Authorization",
						"value": "Bearer {{oauthAccessToken}}"
					}
				],
				"body": {
					"mode": "raw",
					"raw": ""
				},
				"url": {
					"raw": "{{applicationURL}}/refData/country",
					"host": [
						"{{applicationURL}}"
					],
					"path": [
						"refData",
						"country"
					]
				}
			},
			"response": []
		},
		{
			"name": "Get application version",
			"request": {
				"method": "GET",
				"header": [
					{
						"key": "Content-Type",
						"value": "application/json"
					},
					{
						"key": "Authorization",
						"value": "Bearer {{oauthAccessToken}}"
					}
				],
				"body": {
					"mode": "raw",
					"raw": ""
				},
				"url": {
					"raw": "{{applicationURL}}/version",
					"host": [
						"{{applicationURL}}"
					],
					"path": [
						"version"
					]
				}
			},
			"response": []
		}
	]
}