{
	"id": "45529668-3311-4558-9040-d7b730fbae55",
	"name": "samplesEnvironment",
	"values": [
		{
			"key": "applicationURL",
			"value": "{ReplaceWithApplicationURL}",
			"type": "text",
			"description": "",
			"enabled": true
		},
		{
			"key": "oauthAccessToken",
			"value": "{ReplaceWithOAuthAccessToken}",
			"type": "text",
			"description": "",
			"enabled": true
		}
	],
	"_postman_variable_scope": "environment",
	"_postman_exported_at": "2019-02-28T19:37:08.310Z",
	"_postman_exported_using": "Postman/6.7.4"
}