{
  "id": "d097032e-bf08-1cda-da34-602073bdc82d",
  "name": "samplesEnvironment",
  "values": [
    {
      "key": "applicationURL",
      "value": "",
      "type": "text",
      "enabled": true
    },
    {
      "key": "oauthAccessToken",
      "value": "",
      "type": "text",
      "enabled": true
    },
    {
      "key": "base64Credentials",
      "value": "",
      "type": "text",
      "enabled": true
    }
  ],
  "timestamp": 1475165990815,
  "_postman_variable_scope": "environment",
  "_postman_exported_at": "2016-09-29T16:21:10.839Z",
  "_postman_exported_using": "Postman/4.7.2"
}