{
  "id": "0edcb96b-521d-3765-9903-3c8b92f5fa86",
  "name": "samplesEnvironment",
  "values": [
    {
      "enabled": true,
      "key": "applicationURL",
      "value": "{ReplaceWithApplicationURL}",
      "type": "text"
    },
    {
      "enabled": true,
      "key": "oauthAccessToken",
      "value": "{ReplaceWithOAuthAccessToken}",
      "type": "text"
    }
  ],
  "timestamp": 1510687539725,
  "_postman_variable_scope": "environment",
  "_postman_exported_at": "2017-11-14T19:26:27.723Z",
  "_postman_exported_using": "Postman/5.3.2"
}