{
	"id": "c9add494-9909-b656-cc00-31ef18171e53",
	"name": "samplesReverseGeo",
	"description": "This collection contains sample requests that input latitude/longitude coordinates and get a response with nearby addresses.",
	"order": [
		"6c722f03-f7cb-72c5-7838-c5194f87a55d",
		"ccddb3ff-9e70-7739-3029-6762afefce6e",
		"e4b0b260-a77e-9a56-5a75-008db3269f47",
		"d08d18e6-a504-4b0f-3225-53d2e492f6e6",
		"e1b0fba8-0d3c-36d0-de10-211f9c48b295",
		"9d1dc5df-88ff-8f74-8025-2c1c4329ab87",
		"138e7c61-d2e3-4c35-74da-f13790ae72c0",
		"bdf236b5-6edb-0469-f158-6417686e6690",
		"4523c75e-c740-5880-9049-ec6b908c140b",
		"46d224eb-0454-05de-b84d-23d55103e2b4",
		"b8aa5d9a-e757-7b35-7601-1d71726513d6",
		"ed8dfbcc-6df2-6692-01ed-0e13a553b0f1",
		"4e6eb246-e7f0-2660-f00a-21135c0353d2",
		"40a46096-cf19-5c5a-e9da-fee623b55022",
		"72ae00df-2aaf-d008-89d8-6e08a460ee89",
		"130bae06-ef50-c116-ba06-58acbf0d37dc",
		"aa845b01-d5e0-e92c-1a9a-46e334b76124",
		"f54acc17-6721-04ce-90cd-2b34bfd66382",
		"d1e26e6e-392e-6de1-4125-47ad9567bd62",
		"8012291a-a1b7-b7eb-cc37-107d2fd9841c",
		"44cd265f-e1ac-d46b-bd09-873dc057d542",
		"0ed9e002-0e27-cd75-9b8f-25e1c111128a",
		"4546574a-9a18-6f89-aab9-71bb1db5af95",
		"7ae446d3-7764-82ec-d7bb-b30dec39ac18",
		"47314ef2-6382-79b6-0223-43d268173fdf",
		"2c5bd8f1-6f94-3a30-164b-dd9cf33be1d0",
		"842d3d8e-25e0-98d3-e779-2b159b6b9964",
		"1ef4c3fa-a2d4-ddf8-b214-3167f307268d",
		"26438f04-e81b-8364-25ea-9028094d71e0",
		"93cea050-358a-5898-fb13-d99e64111ad7"
	],
	"folders": [],
	"timestamp": 1463675595273,
	"owner": 0,
	"public": false,
	"requests": [
		{
			"id": "0ed9e002-0e27-cd75-9b8f-25e1c111128a",
			"headers": "Content-Type: application/json\nAuthorization: Bearer {{oauthAccessToken}}\n//Authorization: Basic {{base64Credentials}}\nAccept-Language: en\n",
			"url": "{{applicationURL}}/reverseGeo",
			"pathVariables": {},
			"preRequestScript": "",
			"method": "POST",
			"collectionId": "c9add494-9909-b656-cc00-31ef18171e53",
			"data": [],
			"dataMode": "raw",
			"name": "Norway",
			"description": "",
			"descriptionFormat": "html",
			"time": 1476211298153,
			"version": 2,
			"responses": [],
			"tests": "",
			"currentHelper": "normal",
			"helperAttributes": {},
			"rawModeData": "{\r\n  \"geoInput\": {\r\n    \"latitude\": 59.890185,\r\n    \"longitude\": 10.522933\r\n  },\r\n\r\n  \"outputFields\": [ \r\n    \"geo_info_code\", \r\n    \"geo_info_code_msg\",\r\n    \"geo_search_results_count\", \r\n    \"geo_search_results\"\r\n   ],\r\n\r\n  \"geoSettings\": {\r\n    \"radius\": 100.0,\r\n    \"distanceUnit\": \"kilometers\",\r\n    \"maxRecords\": 100\r\n  }\r\n}"
		},
		{
			"id": "130bae06-ef50-c116-ba06-58acbf0d37dc",
			"headers": "Content-Type: application/json\nAuthorization: Bearer {{oauthAccessToken}}\n//Authorization: Basic {{base64Credentials}}\nAccept-Language: en\n",
			"url": "{{applicationURL}}/reverseGeo",
			"preRequestScript": "",
			"pathVariables": {},
			"method": "POST",
			"data": [],
			"dataMode": "raw",
			"version": 2,
			"tests": "",
			"currentHelper": "normal",
			"helperAttributes": {},
			"time": 1469149073769,
			"name": "Liechtenstein",
			"description": "",
			"collectionId": "c9add494-9909-b656-cc00-31ef18171e53",
			"responses": [],
			"rawModeData": "{\r\n  \"geoInput\": {\r\n    \"latitude\": 47.136973,\r\n    \"longitude\": 9.518514\r\n  },\r\n\r\n  \"outputFields\": [ \r\n    \"geo_info_code\", \r\n    \"geo_info_code_msg\",\r\n    \"geo_search_results_count\", \r\n    \"geo_search_results\"\r\n   ],\r\n\r\n  \"geoSettings\": {\r\n    \"radius\": 1.0,\r\n    \"distanceUnit\": \"kilometers\",\r\n    \"maxRecords\": 100\r\n  }\r\n}\r\n"
		},
		{
			"id": "138e7c61-d2e3-4c35-74da-f13790ae72c0",
			"headers": "Content-Type: application/json\nAuthorization: Bearer {{oauthAccessToken}}\n//Authorization: Basic {{base64Credentials}}\nAccept-Language: en\n",
			"url": "{{applicationURL}}/reverseGeo",
			"pathVariables": {},
			"preRequestScript": "",
			"method": "POST",
			"collectionId": "c9add494-9909-b656-cc00-31ef18171e53",
			"data": [],
			"dataMode": "raw",
			"name": "Czechia",
			"description": "",
			"descriptionFormat": "html",
			"time": 1475506866402,
			"version": 2,
			"responses": [],
			"tests": "",
			"currentHelper": "normal",
			"helperAttributes": {},
			"rawModeData": "{\r\n  \"geoInput\": {\r\n    \"latitude\": 50.014113,\r\n    \"longitude\": 14.491516\r\n  },\r\n\r\n  \"outputFields\": [ \r\n    \"geo_info_code\", \r\n    \"geo_info_code_msg\",\r\n    \"geo_search_results_count\", \r\n    \"geo_search_results\"\r\n   ],\r\n\r\n  \"geoSettings\": {\r\n    \"radius\": 0.5,\r\n    \"distanceUnit\": \"kilometers\",\r\n    \"maxRecords\": 100\r\n  }\r\n}\r\n"
		},
		{
			"id": "1ef4c3fa-a2d4-ddf8-b214-3167f307268d",
			"headers": "Content-Type: application/json\nAuthorization: Bearer {{oauthAccessToken}}\n//Authorization: Basic {{base64Credentials}}\nAccept-Language: en\n",
			"url": "{{applicationURL}}/reverseGeo",
			"preRequestScript": "",
			"pathVariables": {},
			"method": "POST",
			"data": [],
			"dataMode": "raw",
			"version": 2,
			"tests": "",
			"currentHelper": "normal",
			"helperAttributes": {},
			"time": 1469149111511,
			"name": "Switzerland",
			"description": "",
			"collectionId": "c9add494-9909-b656-cc00-31ef18171e53",
			"responses": [],
			"rawModeData": "{\r\n  \"geoInput\": {\r\n    \"latitude\": 47.370730,\r\n    \"longitude\": 8.548299\r\n  },\r\n\r\n  \"outputFields\": [ \r\n    \"geo_info_code\", \r\n    \"geo_info_code_msg\",\r\n    \"geo_search_results_count\", \r\n    \"geo_search_results\"\r\n   ],\r\n\r\n  \"geoSettings\": {\r\n    \"radius\": 1.0,\r\n    \"distanceUnit\": \"kilometers\",\r\n    \"maxRecords\": 100\r\n  }\r\n}\r\n"
		},
		{
			"id": "26438f04-e81b-8364-25ea-9028094d71e0",
			"headers": "Content-Type: application/json\nAuthorization: Bearer {{oauthAccessToken}}\n//Authorization: Basic {{base64Credentials}}\nAccept-Language: en\n",
			"url": "{{applicationURL}}/reverseGeo",
			"preRequestScript": "",
			"pathVariables": {},
			"method": "POST",
			"data": [],
			"dataMode": "raw",
			"version": 2,
			"tests": "",
			"currentHelper": "normal",
			"helperAttributes": {},
			"time": 1469149116691,
			"name": "Turkey",
			"description": "",
			"collectionId": "c9add494-9909-b656-cc00-31ef18171e53",
			"responses": [],
			"rawModeData": "{\r\n  \"geoInput\": {\r\n    \"latitude\": 41.019602,\r\n    \"longitude\": 28.955176\r\n  },\r\n\r\n  \"outputFields\": [ \r\n    \"geo_info_code\", \r\n    \"geo_info_code_msg\",\r\n    \"geo_search_results_count\", \r\n    \"geo_search_results\"\r\n   ],\r\n\r\n  \"geoSettings\": {\r\n    \"radius\": 1.0,\r\n    \"distanceUnit\": \"kilometers\",\r\n    \"maxRecords\": 100\r\n  }\r\n}\r\n"
		},
		{
			"id": "2c5bd8f1-6f94-3a30-164b-dd9cf33be1d0",
			"headers": "Content-Type: application/json\nAuthorization: Bearer {{oauthAccessToken}}\n//Authorization: Basic {{base64Credentials}}\nAccept-Language: en\n",
			"url": "{{applicationURL}}/reverseGeo",
			"preRequestScript": "",
			"pathVariables": {},
			"method": "POST",
			"data": [],
			"dataMode": "raw",
			"version": 2,
			"tests": "",
			"currentHelper": "normal",
			"helperAttributes": {},
			"time": 1469149101233,
			"name": "Spain",
			"description": "",
			"collectionId": "c9add494-9909-b656-cc00-31ef18171e53",
			"responses": [],
			"rawModeData": "{\r\n  \"geoInput\": {\r\n    \"latitude\": 37.879604,\r\n    \"longitude\": -4.780280\r\n  },\r\n\r\n  \"outputFields\": [ \r\n    \"geo_info_code\", \r\n    \"geo_info_code_msg\",\r\n    \"geo_search_results_count\", \r\n    \"geo_search_results\"\r\n   ],\r\n\r\n  \"geoSettings\": {\r\n    \"radius\": 1.0,\r\n    \"distanceUnit\": \"kilometers\",\r\n    \"maxRecords\": 100\r\n  }\r\n}\r\n"
		},
		{
			"id": "40a46096-cf19-5c5a-e9da-fee623b55022",
			"headers": "Content-Type: application/json\nAuthorization: Bearer {{oauthAccessToken}}\n//Authorization: Basic {{base64Credentials}}\nAccept-Language: en\n",
			"url": "{{applicationURL}}/reverseGeo",
			"preRequestScript": "",
			"pathVariables": {},
			"method": "POST",
			"data": [],
			"dataMode": "raw",
			"version": 2,
			"tests": "",
			"currentHelper": "normal",
			"helperAttributes": {},
			"time": 1469149063490,
			"name": "Germany (Rural)",
			"description": "",
			"collectionId": "c9add494-9909-b656-cc00-31ef18171e53",
			"responses": [],
			"rawModeData": "{\r\n  \"geoInput\": {\r\n    \"latitude\": 47.903141,\r\n    \"longitude\": 9.390224\r\n  },\r\n\r\n  \"outputFields\": [ \r\n    \"geo_info_code\", \r\n    \"geo_info_code_msg\",\r\n    \"geo_search_results_count\", \r\n    \"geo_search_results\"\r\n   ],\r\n\r\n  \"geoSettings\": {\r\n    \"radius\": 1.5,\r\n    \"distanceUnit\": \"kilometers\",\r\n    \"maxRecords\": 100\r\n  }\r\n}\r\n"
		},
		{
			"id": "44cd265f-e1ac-d46b-bd09-873dc057d542",
			"headers": "Content-Type: application/json\nAuthorization: Bearer {{oauthAccessToken}}\n//Authorization: Basic {{base64Credentials}}\nAccept-Language: en\n",
			"url": "{{applicationURL}}/reverseGeo",
			"pathVariables": {},
			"preRequestScript": "",
			"method": "POST",
			"collectionId": "c9add494-9909-b656-cc00-31ef18171e53",
			"data": [],
			"dataMode": "raw",
			"name": "New Zealand",
			"description": "",
			"descriptionFormat": "html",
			"time": 1476211268321,
			"version": 2,
			"responses": [],
			"tests": "",
			"currentHelper": "normal",
			"helperAttributes": {},
			"rawModeData": "{\r\n  \"geoInput\": {\r\n    \"latitude\": -41.314360,\r\n    \"longitude\": 174.775781\r\n  },\r\n\r\n  \"outputFields\": [ \r\n    \"geo_info_code\", \r\n    \"geo_info_code_msg\",\r\n    \"geo_search_results_count\", \r\n    \"geo_search_results\"\r\n   ],\r\n\r\n  \"geoSettings\": {\r\n    \"radius\": 100.0,\r\n    \"distanceUnit\": \"kilometers\",\r\n    \"maxRecords\": 100\r\n  }\r\n}"
		},
		{
			"id": "4523c75e-c740-5880-9049-ec6b908c140b",
			"headers": "Content-Type: application/json\nAuthorization: Bearer {{oauthAccessToken}}\n//Authorization: Basic {{base64Credentials}}\nAccept-Language: en\n",
			"url": "{{applicationURL}}/reverseGeo",
			"preRequestScript": "",
			"pathVariables": {},
			"method": "POST",
			"data": [],
			"dataMode": "raw",
			"version": 2,
			"tests": "",
			"currentHelper": "normal",
			"helperAttributes": {},
			"time": 1469149038308,
			"name": "Egypt (No Results)",
			"description": "",
			"collectionId": "c9add494-9909-b656-cc00-31ef18171e53",
			"responses": [],
			"rawModeData": "{\r\n  \"geoInput\": {\r\n    \"latitude\": 31.209461,\r\n    \"longitude\": 29.909382\r\n  },\r\n\r\n  \"outputFields\": [ \r\n    \"geo_info_code\", \r\n    \"geo_info_code_msg\",\r\n    \"geo_search_results_count\", \r\n    \"geo_search_results\"\r\n   ],\r\n\r\n  \"geoSettings\": {\r\n    \"radius\": 100.0,\r\n    \"distanceUnit\": \"kilometers\",\r\n    \"maxRecords\": 100\r\n  }\r\n}\r\n"
		},
		{
			"id": "4546574a-9a18-6f89-aab9-71bb1db5af95",
			"headers": "Content-Type: application/json\nAuthorization: Bearer {{oauthAccessToken}}\n//Authorization: Basic {{base64Credentials}}\nAccept-Language: en\n",
			"url": "{{applicationURL}}/reverseGeo",
			"preRequestScript": "",
			"pathVariables": {},
			"method": "POST",
			"data": [],
			"dataMode": "raw",
			"version": 2,
			"tests": "",
			"currentHelper": "normal",
			"helperAttributes": {},
			"time": 1469149088914,
			"name": "Poland",
			"description": "",
			"collectionId": "c9add494-9909-b656-cc00-31ef18171e53",
			"responses": [],
			"rawModeData": "{\r\n  \"geoInput\": {\r\n    \"latitude\": 52.203144,\r\n    \"longitude\": 21.045874\r\n  },\r\n\r\n  \"outputFields\": [ \r\n    \"geo_info_code\", \r\n    \"geo_info_code_msg\",\r\n    \"geo_search_results_count\", \r\n    \"geo_search_results\"\r\n   ],\r\n\r\n  \"geoSettings\": {\r\n    \"radius\": 1.0,\r\n    \"distanceUnit\": \"kilometers\",\r\n    \"maxRecords\": 100\r\n  }\r\n}\r\n"
		},
		{
			"id": "46d224eb-0454-05de-b84d-23d55103e2b4",
			"headers": "Content-Type: application/json\nAuthorization: Bearer {{oauthAccessToken}}\n//Authorization: Basic {{base64Credentials}}\nAccept-Language: en\n",
			"url": "{{applicationURL}}/reverseGeo",
			"preRequestScript": "",
			"pathVariables": {},
			"method": "POST",
			"data": [],
			"dataMode": "raw",
			"version": 2,
			"tests": "",
			"currentHelper": "normal",
			"helperAttributes": {},
			"time": 1469149042982,
			"name": "Estonia",
			"description": "",
			"collectionId": "c9add494-9909-b656-cc00-31ef18171e53",
			"responses": [],
			"rawModeData": "{\r\n  \"geoInput\": {\r\n    \"latitude\": 59.437839,\r\n    \"longitude\": 24.757643\r\n  },\r\n\r\n  \"outputFields\": [ \r\n    \"geo_info_code\", \r\n    \"geo_info_code_msg\",\r\n    \"geo_search_results_count\", \r\n    \"geo_search_results\"\r\n   ],\r\n\r\n  \"geoSettings\": {\r\n    \"radius\": 1.0,\r\n    \"distanceUnit\": \"kilometers\",\r\n    \"maxRecords\": 100\r\n  }\r\n}\r\n"
		},
		{
			"id": "47314ef2-6382-79b6-0223-43d268173fdf",
			"headers": "Content-Type: application/json\nAuthorization: Bearer {{oauthAccessToken}}\n//Authorization: Basic {{base64Credentials}}\nAccept-Language: en\n",
			"url": "{{applicationURL}}/reverseGeo",
			"pathVariables": {},
			"preRequestScript": "",
			"method": "POST",
			"collectionId": "c9add494-9909-b656-cc00-31ef18171e53",
			"data": [],
			"dataMode": "raw",
			"name": "Puerto Rico",
			"description": "",
			"descriptionFormat": "html",
			"time": 1479134668505,
			"version": 2,
			"responses": [],
			"tests": "",
			"currentHelper": "normal",
			"helperAttributes": {},
			"rawModeData": "{\r\n  \"geoInput\": {\r\n    \"latitude\": 18.449177,\r\n    \"longitude\": -66.060055\r\n  },\r\n\r\n  \"outputFields\": [ \r\n    \"geo_info_code\", \r\n    \"geo_info_code_msg\",\r\n    \"geo_search_results_count\", \r\n    \"geo_search_results\" \r\n   ],\r\n\r\n  \"geoSettings\": {\r\n    \"radius\": 0.5,\r\n    \"distanceUnit\": \"miles\",\r\n    \"maxRecords\": 100\r\n  }\r\n}\r\n"
		},
		{
			"id": "4e6eb246-e7f0-2660-f00a-21135c0353d2",
			"headers": "Content-Type: application/json\nAuthorization: Bearer {{oauthAccessToken}}\n//Authorization: Basic {{base64Credentials}}\nAccept-Language: en\n",
			"url": "{{applicationURL}}/reverseGeo",
			"preRequestScript": "",
			"pathVariables": {},
			"method": "POST",
			"data": [],
			"dataMode": "raw",
			"version": 2,
			"tests": "",
			"currentHelper": "normal",
			"helperAttributes": {},
			"time": 1469149058168,
			"name": "Germany",
			"description": "",
			"collectionId": "c9add494-9909-b656-cc00-31ef18171e53",
			"responses": [],
			"rawModeData": "{\r\n  \"geoInput\": {\r\n    \"latitude\": 50.712864,\r\n    \"longitude\": 7.070993\r\n  },\r\n\r\n  \"outputFields\": [ \r\n    \"geo_info_code\", \r\n    \"geo_info_code_msg\",\r\n    \"geo_search_results_count\", \r\n    \"geo_search_results\" \r\n   ],\r\n\r\n  \"geoSettings\": {\r\n    \"radius\": 0.5,\r\n    \"distanceUnit\": \"kilometers\",\r\n    \"maxRecords\": 100\r\n  }\r\n}\r\n"
		},
		{
			"id": "6c722f03-f7cb-72c5-7838-c5194f87a55d",
			"headers": "Content-Type: application/json\nAuthorization: Bearer {{oauthAccessToken}}\n//Authorization: Basic {{base64Credentials}}\nAccept-Language: en\n",
			"url": "{{applicationURL}}/reverseGeo",
			"preRequestScript": "",
			"pathVariables": {},
			"method": "POST",
			"data": [],
			"dataMode": "raw",
			"version": 2,
			"tests": "",
			"currentHelper": "normal",
			"helperAttributes": {},
			"time": 1469148998129,
			"name": "United States",
			"description": "",
			"collectionId": "c9add494-9909-b656-cc00-31ef18171e53",
			"responses": [],
			"rawModeData": "{\r\n  \"geoInput\": {\r\n    \"latitude\": 40.398806,\r\n    \"longitude\": -79.986317\r\n  },\r\n\r\n  \"outputFields\": [ \r\n    \"geo_info_code\", \r\n    \"geo_info_code_msg\",\r\n    \"geo_search_results_count\", \r\n    \"geo_search_results\" \r\n   ],\r\n\r\n  \"geoSettings\": {\r\n    \"radius\": 0.5,\r\n    \"distanceUnit\": \"miles\",\r\n    \"maxRecords\": 100\r\n  }\r\n}\r\n"
		},
		{
			"id": "72ae00df-2aaf-d008-89d8-6e08a460ee89",
			"headers": "Content-Type: application/json\nAuthorization: Bearer {{oauthAccessToken}}\n//Authorization: Basic {{base64Credentials}}\nAccept-Language: en\n",
			"url": "{{applicationURL}}/reverseGeo",
			"preRequestScript": "",
			"pathVariables": {},
			"method": "POST",
			"data": [],
			"dataMode": "raw",
			"version": 2,
			"tests": "",
			"currentHelper": "normal",
			"helperAttributes": {},
			"time": 1469149068569,
			"name": "Italy",
			"description": "",
			"collectionId": "c9add494-9909-b656-cc00-31ef18171e53",
			"responses": [],
			"rawModeData": "{\r\n  \"geoInput\": {\r\n    \"latitude\": 45.458452,\r\n    \"longitude\": 9.207233\r\n  },\r\n\r\n  \"outputFields\": [ \r\n    \"geo_info_code\", \r\n    \"geo_info_code_msg\",\r\n    \"geo_search_results_count\", \r\n    \"geo_search_results\"\r\n   ],\r\n\r\n  \"geoSettings\": {\r\n    \"radius\": 1.0,\r\n    \"distanceUnit\": \"kilometers\",\r\n    \"maxRecords\": 100\r\n  }\r\n}\r\n"
		},
		{
			"id": "7ae446d3-7764-82ec-d7bb-b30dec39ac18",
			"headers": "Content-Type: application/json\nAuthorization: Bearer {{oauthAccessToken}}\n//Authorization: Basic {{base64Credentials}}\nAccept-Language: en\n",
			"url": "{{applicationURL}}/reverseGeo",
			"preRequestScript": "",
			"pathVariables": {},
			"method": "POST",
			"data": [],
			"dataMode": "raw",
			"version": 2,
			"tests": "",
			"currentHelper": "normal",
			"helperAttributes": {},
			"time": 1469149096083,
			"name": "Portugal",
			"description": "",
			"collectionId": "c9add494-9909-b656-cc00-31ef18171e53",
			"responses": [],
			"rawModeData": "{\r\n  \"geoInput\": {\r\n    \"latitude\": 38.680182,\r\n    \"longitude\": -9.158065\r\n  },\r\n\r\n  \"outputFields\": [ \r\n    \"geo_info_code\", \r\n    \"geo_info_code_msg\",\r\n    \"geo_search_results_count\", \r\n    \"geo_search_results\"\r\n   ],\r\n\r\n  \"geoSettings\": {\r\n    \"radius\": 1.0,\r\n    \"distanceUnit\": \"kilometers\",\r\n    \"maxRecords\": 100\r\n  }\r\n}\r\n"
		},
		{
			"id": "8012291a-a1b7-b7eb-cc37-107d2fd9841c",
			"headers": "Content-Type: application/json\nAuthorization: Bearer {{oauthAccessToken}}\n//Authorization: Basic {{base64Credentials}}\nAccept-Language: en\n",
			"url": "{{applicationURL}}/reverseGeo",
			"pathVariables": {},
			"preRequestScript": "",
			"method": "POST",
			"collectionId": "c9add494-9909-b656-cc00-31ef18171e53",
			"data": [],
			"dataMode": "raw",
			"name": "Netherlands/Belgium (Boundary)",
			"description": "",
			"descriptionFormat": "html",
			"time": 1476211239521,
			"version": 2,
			"responses": [],
			"tests": "",
			"currentHelper": "normal",
			"helperAttributes": {},
			"rawModeData": "{\r\n  \"geoInput\": {\r\n    \"latitude\": 51.356586,\r\n    \"longitude\": 4.397456\r\n  },\r\n\r\n  \"outputFields\": [ \r\n    \"geo_info_code\", \r\n    \"geo_info_code_msg\",\r\n    \"geo_search_results_count\", \r\n    \"geo_search_results\"\r\n   ],\r\n\r\n  \"geoSettings\": {\r\n    \"radius\": 1.0,\r\n    \"distanceUnit\": \"kilometers\",\r\n    \"maxRecords\": 100\r\n  }\r\n}"
		},
		{
			"id": "842d3d8e-25e0-98d3-e779-2b159b6b9964",
			"headers": "Content-Type: application/json\nAuthorization: Bearer {{oauthAccessToken}}\n//Authorization: Basic {{base64Credentials}}\nAccept-Language: en\n",
			"url": "{{applicationURL}}/reverseGeo",
			"preRequestScript": "",
			"pathVariables": {},
			"method": "POST",
			"data": [],
			"dataMode": "raw",
			"version": 2,
			"tests": "",
			"currentHelper": "normal",
			"helperAttributes": {},
			"time": 1469149106412,
			"name": "Sweden",
			"description": "",
			"collectionId": "c9add494-9909-b656-cc00-31ef18171e53",
			"responses": [],
			"rawModeData": "{\r\n  \"geoInput\": {\r\n    \"latitude\": 59.345500,\r\n    \"longitude\": 18.037337\r\n  },\r\n\r\n  \"outputFields\": [ \r\n    \"geo_info_code\", \r\n    \"geo_info_code_msg\",\r\n    \"geo_search_results_count\", \r\n    \"geo_search_results\"\r\n   ],\r\n\r\n  \"geoSettings\": {\r\n    \"radius\": 1.0,\r\n    \"distanceUnit\": \"kilometers\",\r\n    \"maxRecords\": 100\r\n  }\r\n}\r\n"
		},
		{
			"id": "93cea050-358a-5898-fb13-d99e64111ad7",
			"headers": "Content-Type: application/json\nAuthorization: Bearer {{oauthAccessToken}}\n//Authorization: Basic {{base64Credentials}}\nAccept-Language: en\n",
			"url": "{{applicationURL}}/reverseGeo",
			"pathVariables": {},
			"preRequestScript": "",
			"method": "POST",
			"collectionId": "c9add494-9909-b656-cc00-31ef18171e53",
			"data": [],
			"dataMode": "raw",
			"name": "United Kingdom",
			"description": "",
			"descriptionFormat": "html",
			"time": 1476211324870,
			"version": 2,
			"responses": [],
			"tests": "",
			"currentHelper": "normal",
			"helperAttributes": {},
			"rawModeData": "{\r\n  \"geoInput\": {\r\n    \"latitude\": 51.440151,\r\n    \"longitude\": -2.578453\r\n  },\r\n\r\n  \"outputFields\": [ \r\n    \"geo_info_code\", \r\n    \"geo_info_code_msg\",\r\n    \"geo_search_results_count\", \r\n    \"geo_search_results\"\r\n   ],\r\n\r\n  \"geoSettings\": {\r\n    \"radius\": 1.5,\r\n    \"distanceUnit\": \"kilometers\",\r\n    \"maxRecords\": 100\r\n  }\r\n}"
		},
		{
			"id": "9d1dc5df-88ff-8f74-8025-2c1c4329ab87",
			"headers": "Content-Type: application/json\nAuthorization: Bearer {{oauthAccessToken}}\n//Authorization: Basic {{base64Credentials}}\nAccept-Language: en\n",
			"url": "{{applicationURL}}/reverseGeo",
			"preRequestScript": "",
			"pathVariables": {},
			"method": "POST",
			"data": [],
			"dataMode": "raw",
			"version": 2,
			"tests": "",
			"currentHelper": "normal",
			"helperAttributes": {},
			"time": 1469149022808,
			"name": "Canada",
			"description": "",
			"collectionId": "c9add494-9909-b656-cc00-31ef18171e53",
			"responses": [],
			"rawModeData": "{\r\n  \"geoInput\": {\r\n    \"latitude\": 43.651800,\r\n    \"longitude\": -79.370230\r\n  },\r\n\r\n  \"outputFields\": [ \r\n    \"geo_info_code\", \r\n    \"geo_info_code_msg\",\r\n    \"geo_search_results_count\", \r\n    \"geo_search_results\"\r\n   ],\r\n\r\n  \"geoSettings\": {\r\n    \"radius\": 0.5,\r\n    \"distanceUnit\": \"kilometers\",\r\n    \"maxRecords\": 100\r\n  }\r\n}\r\n"
		},
		{
			"id": "aa845b01-d5e0-e92c-1a9a-46e334b76124",
			"headers": "Content-Type: application/json\nAuthorization: Bearer {{oauthAccessToken}}\n//Authorization: Basic {{base64Credentials}}\nAccept-Language: en\n",
			"url": "{{applicationURL}}/reverseGeo",
			"preRequestScript": "",
			"pathVariables": {},
			"method": "POST",
			"data": [],
			"dataMode": "raw",
			"version": 2,
			"tests": "",
			"currentHelper": "normal",
			"helperAttributes": {},
			"time": 1469149078676,
			"name": "Lithuania",
			"description": "",
			"collectionId": "c9add494-9909-b656-cc00-31ef18171e53",
			"responses": [],
			"rawModeData": "{\r\n  \"geoInput\": {\r\n    \"latitude\": 54.683326,\r\n    \"longitude\": 25.281661\r\n  },\r\n\r\n  \"outputFields\": [ \r\n    \"geo_info_code\", \r\n    \"geo_info_code_msg\",\r\n    \"geo_search_results_count\", \r\n    \"geo_search_results\"\r\n   ],\r\n\r\n  \"geoSettings\": {\r\n    \"radius\": 1.0,\r\n    \"distanceUnit\": \"kilometers\",\r\n    \"maxRecords\": 100\r\n  }\r\n}\r\n"
		},
		{
			"id": "b8aa5d9a-e757-7b35-7601-1d71726513d6",
			"headers": "Content-Type: application/json\nAuthorization: Bearer {{oauthAccessToken}}\n//Authorization: Basic {{base64Credentials}}\nAccept-Language: en\n",
			"url": "{{applicationURL}}/reverseGeo",
			"preRequestScript": "",
			"pathVariables": {},
			"method": "POST",
			"data": [],
			"dataMode": "raw",
			"version": 2,
			"tests": "",
			"currentHelper": "normal",
			"helperAttributes": {},
			"time": 1469149047596,
			"name": "Finland",
			"description": "",
			"collectionId": "c9add494-9909-b656-cc00-31ef18171e53",
			"responses": [],
			"rawModeData": "{\r\n  \"geoInput\": {\r\n    \"latitude\": 60.163136,\r\n    \"longitude\": 24.949114\r\n  },\r\n\r\n  \"outputFields\": [ \r\n    \"geo_info_code\", \r\n    \"geo_info_code_msg\",\r\n    \"geo_search_results_count\", \r\n    \"geo_search_results\"\r\n   ],\r\n\r\n  \"geoSettings\": {\r\n    \"radius\": 1.0,\r\n    \"distanceUnit\": \"kilometers\",\r\n    \"maxRecords\": 100\r\n  }\r\n}\r\n"
		},
		{
			"id": "bdf236b5-6edb-0469-f158-6417686e6690",
			"headers": "Content-Type: application/json\nAuthorization: Bearer {{oauthAccessToken}}\n//Authorization: Basic {{base64Credentials}}\nAccept-Language: en\n",
			"url": "{{applicationURL}}/reverseGeo",
			"preRequestScript": "",
			"pathVariables": {},
			"method": "POST",
			"data": [],
			"dataMode": "raw",
			"version": 2,
			"tests": "",
			"currentHelper": "normal",
			"helperAttributes": {},
			"time": 1469149033683,
			"name": "Denmark",
			"description": "",
			"collectionId": "c9add494-9909-b656-cc00-31ef18171e53",
			"responses": [],
			"rawModeData": "{\r\n  \"geoInput\": {\r\n    \"latitude\": 55.399797,\r\n    \"longitude\": 10.413342\r\n  },\r\n\r\n  \"outputFields\": [ \r\n    \"geo_info_code\", \r\n    \"geo_info_code_msg\",\r\n    \"geo_search_results_count\", \r\n    \"geo_search_results\"\r\n   ],\r\n\r\n  \"geoSettings\": {\r\n    \"radius\": 1.0,\r\n    \"distanceUnit\": \"kilometers\",\r\n    \"maxRecords\": 100\r\n  }\r\n}\r\n"
		},
		{
			"id": "ccddb3ff-9e70-7739-3029-6762afefce6e",
			"headers": "Content-Type: application/json\nAuthorization: Bearer {{oauthAccessToken}}\n//Authorization: Basic {{base64Credentials}}\nAccept-Language: en\n",
			"url": "{{applicationURL}}/reverseGeo",
			"preRequestScript": "",
			"pathVariables": {},
			"method": "POST",
			"data": [],
			"dataMode": "raw",
			"version": 2,
			"tests": "",
			"currentHelper": "normal",
			"helperAttributes": {},
			"time": 1469149002996,
			"name": "United States (Rural)",
			"description": "",
			"collectionId": "c9add494-9909-b656-cc00-31ef18171e53",
			"responses": [],
			"rawModeData": "{\r\n  \"geoInput\": {\r\n    \"latitude\": 43.519576,\r\n    \"longitude\": -105.130886\r\n  },\r\n\r\n  \"outputFields\": [ \r\n    \"geo_info_code\", \r\n    \"geo_info_code_msg\",\r\n    \"geo_search_results_count\", \r\n    \"geo_search_results\"\r\n   ],\r\n\r\n  \"geoSettings\": {\r\n    \"radius\": 2.0,\r\n    \"distanceUnit\": \"miles\",\r\n    \"maxRecords\": 100\r\n  }\r\n}\r\n"
		},
		{
			"id": "d08d18e6-a504-4b0f-3225-53d2e492f6e6",
			"headers": "Content-Type: application/json\nAuthorization: Bearer {{oauthAccessToken}}\n//Authorization: Basic {{base64Credentials}}\nAccept-Language: en\n",
			"url": "{{applicationURL}}/reverseGeo",
			"preRequestScript": "",
			"pathVariables": {},
			"method": "POST",
			"data": [],
			"dataMode": "raw",
			"version": 2,
			"tests": "",
			"currentHelper": "normal",
			"helperAttributes": {},
			"time": 1469149012609,
			"name": "Austria",
			"description": "",
			"collectionId": "c9add494-9909-b656-cc00-31ef18171e53",
			"responses": [],
			"rawModeData": "{\r\n  \"geoInput\": {\r\n    \"latitude\": 47.822205,\r\n    \"longitude\": 13.026975\r\n  },\r\n\r\n  \"outputFields\": [ \r\n    \"geo_info_code\", \r\n    \"geo_info_code_msg\",\r\n    \"geo_search_results_count\", \r\n    \"geo_search_results\"\r\n   ],\r\n\r\n  \"geoSettings\": {\r\n    \"radius\": 0.5,\r\n    \"distanceUnit\": \"kilometers\",\r\n    \"maxRecords\": 100\r\n  }\r\n}\r\n"
		},
		{
			"id": "d1e26e6e-392e-6de1-4125-47ad9567bd62",
			"headers": "Content-Type: application/json\nAuthorization: Bearer {{oauthAccessToken}}\n//Authorization: Basic {{base64Credentials}}\nAccept-Language: en\n",
			"url": "{{applicationURL}}/reverseGeo",
			"pathVariables": {},
			"preRequestScript": "",
			"method": "POST",
			"collectionId": "c9add494-9909-b656-cc00-31ef18171e53",
			"data": [],
			"dataMode": "raw",
			"name": "Netherlands",
			"description": "",
			"descriptionFormat": "html",
			"time": 1476211193827,
			"version": 2,
			"responses": [],
			"tests": "",
			"currentHelper": "normal",
			"helperAttributes": {},
			"rawModeData": "{\r\n  \"geoInput\": {\r\n    \"latitude\": 51.923299,\r\n    \"longitude\": 4.490325\r\n  },\r\n\r\n  \"outputFields\": [ \r\n    \"geo_info_code\", \r\n    \"geo_info_code_msg\",\r\n    \"geo_search_results_count\", \r\n    \"geo_search_results\"\r\n   ],\r\n\r\n  \"geoSettings\": {\r\n    \"radius\": 1.5,\r\n    \"distanceUnit\": \"kilometers\",\r\n    \"maxRecords\": 100\r\n  }\r\n}"
		},
		{
			"id": "e1b0fba8-0d3c-36d0-de10-211f9c48b295",
			"headers": "Content-Type: application/json\nAuthorization: Bearer {{oauthAccessToken}}\n//Authorization: Basic {{base64Credentials}}\nAccept-Language: en\n",
			"url": "{{applicationURL}}/reverseGeo",
			"preRequestScript": "",
			"pathVariables": {},
			"method": "POST",
			"data": [],
			"dataMode": "raw",
			"version": 2,
			"tests": "",
			"currentHelper": "normal",
			"helperAttributes": {},
			"time": 1469149017557,
			"name": "Belgium",
			"description": "",
			"collectionId": "c9add494-9909-b656-cc00-31ef18171e53",
			"responses": [],
			"rawModeData": "{\r\n  \"geoInput\": {\r\n    \"latitude\": 50.840527,\r\n    \"longitude\": 4.361734\r\n  },\r\n\r\n  \"outputFields\": [ \r\n    \"geo_info_code\", \r\n    \"geo_info_code_msg\",\r\n    \"geo_search_results_count\", \r\n    \"geo_search_results\"\r\n   ],\r\n\r\n  \"geoSettings\": {\r\n    \"radius\": 0.5,\r\n    \"distanceUnit\": \"kilometers\",\r\n    \"maxRecords\": 100\r\n  }\r\n}\r\n"
		},
		{
			"id": "e4b0b260-a77e-9a56-5a75-008db3269f47",
			"headers": "Content-Type: application/json\nAuthorization: Bearer {{oauthAccessToken}}\n//Authorization: Basic {{base64Credentials}}\nAccept-Language: en\n",
			"url": "{{applicationURL}}/reverseGeo",
			"pathVariables": {},
			"preRequestScript": "",
			"method": "POST",
			"collectionId": "c9add494-9909-b656-cc00-31ef18171e53",
			"data": [],
			"dataMode": "raw",
			"name": "Australia",
			"description": "",
			"descriptionFormat": "html",
			"time": 1476211164971,
			"version": 2,
			"responses": [],
			"tests": "",
			"currentHelper": "normal",
			"helperAttributes": {},
			"rawModeData": "{\r\n  \"geoInput\": {\r\n    \"latitude\": -37.812040,\r\n    \"longitude\": 144.970589\r\n  },\r\n\r\n  \"outputFields\": [ \r\n    \"geo_info_code\", \r\n    \"geo_info_code_msg\",\r\n    \"geo_search_results_count\", \r\n    \"geo_search_results\"\r\n   ],\r\n\r\n  \"geoSettings\": {\r\n    \"radius\": 0.5,\r\n    \"distanceUnit\": \"kilometers\",\r\n    \"maxRecords\": 100\r\n  }\r\n}"
		},
		{
			"id": "ed8dfbcc-6df2-6692-01ed-0e13a553b0f1",
			"headers": "Content-Type: application/json\nAuthorization: Bearer {{oauthAccessToken}}\n//Authorization: Basic {{base64Credentials}}\nAccept-Language: en\n",
			"url": "{{applicationURL}}/reverseGeo",
			"preRequestScript": "",
			"pathVariables": {},
			"method": "POST",
			"data": [],
			"dataMode": "raw",
			"version": 2,
			"tests": "",
			"currentHelper": "normal",
			"helperAttributes": {},
			"time": 1469149052675,
			"name": "France",
			"description": "",
			"collectionId": "c9add494-9909-b656-cc00-31ef18171e53",
			"responses": [],
			"rawModeData": "{\r\n  \"geoInput\": {\r\n    \"latitude\": 47.971089,\r\n    \"longitude\": 0.174699\r\n  },\r\n\r\n  \"outputFields\": [ \r\n    \"geo_info_code\", \r\n    \"geo_info_code_msg\",\r\n    \"geo_search_results_count\", \r\n    \"geo_search_results\"\r\n   ],\r\n\r\n  \"geoSettings\": {\r\n    \"radius\": 0.5,\r\n    \"distanceUnit\": \"kilometers\",\r\n    \"maxRecords\": 100\r\n  }\r\n}\r\n"
		},
		{
			"id": "f54acc17-6721-04ce-90cd-2b34bfd66382",
			"headers": "Content-Type: application/json\nAuthorization: Bearer {{oauthAccessToken}}\n//Authorization: Basic {{base64Credentials}}\nAccept-Language: en\n",
			"url": "{{applicationURL}}/reverseGeo",
			"preRequestScript": "",
			"pathVariables": {},
			"method": "POST",
			"data": [],
			"dataMode": "raw",
			"version": 2,
			"tests": "",
			"currentHelper": "normal",
			"helperAttributes": {},
			"time": 1469149084148,
			"name": "Luxembourg",
			"description": "",
			"collectionId": "c9add494-9909-b656-cc00-31ef18171e53",
			"responses": [],
			"rawModeData": "{\r\n  \"geoInput\": {\r\n    \"latitude\": 49.616571,\r\n    \"longitude\": 6.071856\r\n  },\r\n\r\n  \"outputFields\": [ \r\n    \"geo_info_code\", \r\n    \"geo_info_code_msg\",\r\n    \"geo_search_results_count\", \r\n    \"geo_search_results\"\r\n   ],\r\n\r\n  \"geoSettings\": {\r\n    \"radius\": 1.0,\r\n    \"distanceUnit\": \"kilometers\",\r\n    \"maxRecords\": 100\r\n  }\r\n}\r\n"
		}
	]
}