{
  "id": "3fbac7ce-767c-7f99-f2e2-bbfe8520e9e0",
  "name": "samplesEnvironment",
  "values": [
    {
      "enabled": true,
      "key": "applicationURL",
      "value": "https://dqmmicrowfa642904-w586f7c62.int.sap.hana.ondemand.com/dq",
      "type": "text"
    },
    {
      "enabled": true,
      "key": "oauthAccessToken",
      "value": "a6ea22c1e34c0dbc8d2ed7635052c0",
      "type": "text"
    }
  ],
  "timestamp": 1498489483191,
  "_postman_variable_scope": "environment",
  "_postman_exported_at": "2017-07-27T18:29:09.392Z",
  "_postman_exported_using": "Postman/5.0.2"
}