{
	"id": "e5455463-25b3-e5be-f86f-849073386f4e",
	"name": "samplesAdminTasks",
	"description": "",
	"order": [
		"af2271bb-3c2d-a985-bf6e-80c7a8efedc0",
		"2884ce73-0f07-4eff-127e-bc8e967a6a75",
		"76a9d745-090a-2525-938a-cfa601b4a7ff",
		"27d8fc82-8bed-414b-e99c-6426e3b4a7c9"
	],
	"folders": [],
	"timestamp": 1490799086052,
	"owner": 0,
	"public": false,
	"hasRequests": true,
	"requests": [
		{
			"id": "27d8fc82-8bed-414b-e99c-6426e3b4a7c9",
			"headers": "Content-Type: application/json\nAuthorization: Bearer {{oauthAccessToken}}\n",
			"url": "{{applicationURL}}/version",
			"preRequestScript": "",
			"pathVariables": {},
			"method": "GET",
			"data": [],
			"dataMode": "raw",
			"version": 2,
			"tests": "",
			"currentHelper": "normal",
			"helperAttributes": {},
			"time": 1493654362977,
			"name": "Get application version",
			"description": "",
			"collectionId": "e5455463-25b3-e5be-f86f-849073386f4e",
			"responses": [],
			"rawModeData": "{\r\n  \"addressInput\": {\r\n    \"country\": \"AD\",\r\n    \"mixed\": \"CARRER PRAT DE LA CREU 93\",\r\n    \"locality\": \"ANDORRA LA VELLA\",\r\n    \"postcode\": \"AD500\"\r\n  },\r\n  \"outputFields\": [\r\n    \"std_addr_address_delivery\",\r\n    \"std_addr_locality_full\",\r\n    \"std_addr_locality2_full\",\r\n    \"std_addr_region_full\",\r\n    \"std_addr_postcode_full\",\r\n    \"std_addr_country_2char\",\r\n    \"std_addr_country_name\",\r\n    \"addr_asmt_level\",\r\n    \"addr_info_code\",\r\n    \"addr_info_code_msg\",\r\n    \"addr_latitude\",\r\n    \"addr_longitude\",\r\n    \"geo_asmt_level\",\r\n    \"geo_info_code\",\r\n    \"geo_info_code_msg\"\r\n  ],\r\n  \"addressSettings\": {\r\n    \"processingMode\": \"both\",\r\n    \"casing\": \"mixed\",\r\n    \"diacritics\": \"include\",\r\n    \"streetFormat\": \"countryCommonStyle\",\r\n    \"postalFormat\": \"countryCommonStyle\",\r\n    \"regionFormat\": \"countryCommonStyle\",\r\n    \"scriptConversion\": \"none\",\r\n    \"geoAssign\": \"best\",\r\n    \"suggestionSuppressLevel\": \"none\"\r\n  }\r\n}"
		},
		{
			"id": "2884ce73-0f07-4eff-127e-bc8e967a6a75",
			"headers": "Content-Type: application/json\nAuthorization: Bearer {{oauthAccessToken}}\n",
			"url": "{{applicationURL}}/refData/region",
			"preRequestScript": "",
			"pathVariables": {},
			"method": "GET",
			"data": [],
			"dataMode": "raw",
			"version": 2,
			"tests": "",
			"currentHelper": "normal",
			"helperAttributes": {},
			"time": 1493654276944,
			"name": "Get list of regions",
			"description": "",
			"collectionId": "e5455463-25b3-e5be-f86f-849073386f4e",
			"responses": [],
			"rawModeData": "{\r\n  \"addressInput\": {\r\n    \"country\": \"AD\",\r\n    \"mixed\": \"CARRER PRAT DE LA CREU 93\",\r\n    \"locality\": \"ANDORRA LA VELLA\",\r\n    \"postcode\": \"AD500\"\r\n  },\r\n  \"outputFields\": [\r\n    \"std_addr_address_delivery\",\r\n    \"std_addr_locality_full\",\r\n    \"std_addr_locality2_full\",\r\n    \"std_addr_region_full\",\r\n    \"std_addr_postcode_full\",\r\n    \"std_addr_country_2char\",\r\n    \"std_addr_country_name\",\r\n    \"addr_asmt_level\",\r\n    \"addr_info_code\",\r\n    \"addr_info_code_msg\",\r\n    \"addr_latitude\",\r\n    \"addr_longitude\",\r\n    \"geo_asmt_level\",\r\n    \"geo_info_code\",\r\n    \"geo_info_code_msg\"\r\n  ],\r\n  \"addressSettings\": {\r\n    \"processingMode\": \"both\",\r\n    \"casing\": \"mixed\",\r\n    \"diacritics\": \"include\",\r\n    \"streetFormat\": \"countryCommonStyle\",\r\n    \"postalFormat\": \"countryCommonStyle\",\r\n    \"regionFormat\": \"countryCommonStyle\",\r\n    \"scriptConversion\": \"none\",\r\n    \"geoAssign\": \"best\",\r\n    \"suggestionSuppressLevel\": \"none\"\r\n  }\r\n}"
		},
		{
			"id": "76a9d745-090a-2525-938a-cfa601b4a7ff",
			"headers": "Content-Type: application/json\nAuthorization: Bearer {{oauthAccessToken}}\n",
			"url": "{{applicationURL}}/refData/country",
			"preRequestScript": "",
			"pathVariables": {},
			"method": "GET",
			"data": [],
			"dataMode": "raw",
			"version": 2,
			"tests": "",
			"currentHelper": "normal",
			"helperAttributes": {},
			"time": 1493654315724,
			"name": "Get list of countries",
			"description": "",
			"collectionId": "e5455463-25b3-e5be-f86f-849073386f4e",
			"responses": [],
			"rawModeData": "{\r\n  \"addressInput\": {\r\n    \"country\": \"AD\",\r\n    \"mixed\": \"CARRER PRAT DE LA CREU 93\",\r\n    \"locality\": \"ANDORRA LA VELLA\",\r\n    \"postcode\": \"AD500\"\r\n  },\r\n  \"outputFields\": [\r\n    \"std_addr_address_delivery\",\r\n    \"std_addr_locality_full\",\r\n    \"std_addr_locality2_full\",\r\n    \"std_addr_region_full\",\r\n    \"std_addr_postcode_full\",\r\n    \"std_addr_country_2char\",\r\n    \"std_addr_country_name\",\r\n    \"addr_asmt_level\",\r\n    \"addr_info_code\",\r\n    \"addr_info_code_msg\",\r\n    \"addr_latitude\",\r\n    \"addr_longitude\",\r\n    \"geo_asmt_level\",\r\n    \"geo_info_code\",\r\n    \"geo_info_code_msg\"\r\n  ],\r\n  \"addressSettings\": {\r\n    \"processingMode\": \"both\",\r\n    \"casing\": \"mixed\",\r\n    \"diacritics\": \"include\",\r\n    \"streetFormat\": \"countryCommonStyle\",\r\n    \"postalFormat\": \"countryCommonStyle\",\r\n    \"regionFormat\": \"countryCommonStyle\",\r\n    \"scriptConversion\": \"none\",\r\n    \"geoAssign\": \"best\",\r\n    \"suggestionSuppressLevel\": \"none\"\r\n  }\r\n}"
		},
		{
			"id": "af2271bb-3c2d-a985-bf6e-80c7a8efedc0",
			"headers": "Authorization: Basic MzYzZWRmNzctOWY4NC0zMGE2LTg5NmMtZjExOGU4NGVmNzA0OnJvbl9zYW1wbGVfY2xpZW50\n",
			"headerData": [
				{
					"key": "Authorization",
					"value": "{ReplaceWithBasicAuthToken}",
					"description": "",
					"enabled": true
				}
			],
			"url": "{ReplaceWithOAuthTokenEndpoint}?grant_type=client_credentials",
			"queryParams": [
				{
					"key": "grant_type",
					"value": "client_credentials",
					"equals": true,
					"description": "",
					"enabled": true
				}
			],
			"preRequestScript": null,
			"pathVariables": {},
			"pathVariableData": [],
			"method": "POST",
			"data": null,
			"dataMode": "params",
			"tests": null,
			"currentHelper": "normal",
			"helperAttributes": {},
			"time": 1498504998076,
			"name": "Request oAuth token",
			"description": "",
			"collectionId": "e5455463-25b3-e5be-f86f-849073386f4e",
			"responses": []
		}
	]
}