{
	"id": "576f0daa-7c82-6f59-a1f5-9e4e1519ba65",
	"name": "samplesAdminTasks",
	"description": "",
	"order": [
		"b646dfd0-b01c-535d-b83d-f46cf3399e57",
		"69591721-a38b-ebfb-c417-ac412c0e9cbd",
		"7475babb-7e6e-add1-3075-e23193f50245",
		"32fcdf10-2d5d-9cbe-4d90-f7b4ef07ace8"
	],
	"folders": [],
	"timestamp": 1490799086052,
	"owner": 0,
	"public": false,
	"requests": [
		{
			"id": "32fcdf10-2d5d-9cbe-4d90-f7b4ef07ace8",
			"headers": "Content-Type: application/json\nAuthorization: Bearer {{oauthAccessToken}}\n",
			"url": "{{applicationURL}}/version",
			"preRequestScript": "",
			"pathVariables": {},
			"method": "GET",
			"data": [],
			"dataMode": "raw",
			"version": 2,
			"tests": "",
			"currentHelper": "normal",
			"helperAttributes": {},
			"time": 1493654362977,
			"name": "Get application version",
			"description": "",
			"collectionId": "576f0daa-7c82-6f59-a1f5-9e4e1519ba65",
			"responses": [],
			"rawModeData": "{\r\n  \"addressInput\": {\r\n    \"country\": \"AD\",\r\n    \"mixed\": \"CARRER PRAT DE LA CREU 93\",\r\n    \"locality\": \"ANDORRA LA VELLA\",\r\n    \"postcode\": \"AD500\"\r\n  },\r\n  \"outputFields\": [\r\n    \"std_addr_address_delivery\",\r\n    \"std_addr_locality_full\",\r\n    \"std_addr_locality2_full\",\r\n    \"std_addr_region_full\",\r\n    \"std_addr_postcode_full\",\r\n    \"std_addr_country_2char\",\r\n    \"std_addr_country_name\",\r\n    \"addr_asmt_level\",\r\n    \"addr_info_code\",\r\n    \"addr_info_code_msg\",\r\n    \"addr_latitude\",\r\n    \"addr_longitude\",\r\n    \"geo_asmt_level\",\r\n    \"geo_info_code\",\r\n    \"geo_info_code_msg\"\r\n  ],\r\n  \"addressSettings\": {\r\n    \"processingMode\": \"both\",\r\n    \"casing\": \"mixed\",\r\n    \"diacritics\": \"include\",\r\n    \"streetFormat\": \"countryCommonStyle\",\r\n    \"postalFormat\": \"countryCommonStyle\",\r\n    \"regionFormat\": \"countryCommonStyle\",\r\n    \"scriptConversion\": \"none\",\r\n    \"geoAssign\": \"best\",\r\n    \"suggestionSuppressLevel\": \"none\"\r\n  }\r\n}"
		},
		{
			"id": "69591721-a38b-ebfb-c417-ac412c0e9cbd",
			"headers": "Content-Type: application/json\nAuthorization: Bearer {{oauthAccessToken}}\n",
			"url": "{{applicationURL}}/refData/region",
			"preRequestScript": "",
			"pathVariables": {},
			"method": "GET",
			"data": [],
			"dataMode": "raw",
			"version": 2,
			"tests": "",
			"currentHelper": "normal",
			"helperAttributes": {},
			"time": 1493654276944,
			"name": "Get list of regions",
			"description": "",
			"collectionId": "576f0daa-7c82-6f59-a1f5-9e4e1519ba65",
			"responses": [],
			"rawModeData": "{\r\n  \"addressInput\": {\r\n    \"country\": \"AD\",\r\n    \"mixed\": \"CARRER PRAT DE LA CREU 93\",\r\n    \"locality\": \"ANDORRA LA VELLA\",\r\n    \"postcode\": \"AD500\"\r\n  },\r\n  \"outputFields\": [\r\n    \"std_addr_address_delivery\",\r\n    \"std_addr_locality_full\",\r\n    \"std_addr_locality2_full\",\r\n    \"std_addr_region_full\",\r\n    \"std_addr_postcode_full\",\r\n    \"std_addr_country_2char\",\r\n    \"std_addr_country_name\",\r\n    \"addr_asmt_level\",\r\n    \"addr_info_code\",\r\n    \"addr_info_code_msg\",\r\n    \"addr_latitude\",\r\n    \"addr_longitude\",\r\n    \"geo_asmt_level\",\r\n    \"geo_info_code\",\r\n    \"geo_info_code_msg\"\r\n  ],\r\n  \"addressSettings\": {\r\n    \"processingMode\": \"both\",\r\n    \"casing\": \"mixed\",\r\n    \"diacritics\": \"include\",\r\n    \"streetFormat\": \"countryCommonStyle\",\r\n    \"postalFormat\": \"countryCommonStyle\",\r\n    \"regionFormat\": \"countryCommonStyle\",\r\n    \"scriptConversion\": \"none\",\r\n    \"geoAssign\": \"best\",\r\n    \"suggestionSuppressLevel\": \"none\"\r\n  }\r\n}"
		},
		{
			"id": "7475babb-7e6e-add1-3075-e23193f50245",
			"headers": "Content-Type: application/json\nAuthorization: Bearer {{oauthAccessToken}}\n",
			"url": "{{applicationURL}}/refData/country",
			"preRequestScript": "",
			"pathVariables": {},
			"method": "GET",
			"data": [],
			"dataMode": "raw",
			"version": 2,
			"tests": "",
			"currentHelper": "normal",
			"helperAttributes": {},
			"time": 1493654315724,
			"name": "Get list of countries",
			"description": "",
			"collectionId": "576f0daa-7c82-6f59-a1f5-9e4e1519ba65",
			"responses": [],
			"rawModeData": "{\r\n  \"addressInput\": {\r\n    \"country\": \"AD\",\r\n    \"mixed\": \"CARRER PRAT DE LA CREU 93\",\r\n    \"locality\": \"ANDORRA LA VELLA\",\r\n    \"postcode\": \"AD500\"\r\n  },\r\n  \"outputFields\": [\r\n    \"std_addr_address_delivery\",\r\n    \"std_addr_locality_full\",\r\n    \"std_addr_locality2_full\",\r\n    \"std_addr_region_full\",\r\n    \"std_addr_postcode_full\",\r\n    \"std_addr_country_2char\",\r\n    \"std_addr_country_name\",\r\n    \"addr_asmt_level\",\r\n    \"addr_info_code\",\r\n    \"addr_info_code_msg\",\r\n    \"addr_latitude\",\r\n    \"addr_longitude\",\r\n    \"geo_asmt_level\",\r\n    \"geo_info_code\",\r\n    \"geo_info_code_msg\"\r\n  ],\r\n  \"addressSettings\": {\r\n    \"processingMode\": \"both\",\r\n    \"casing\": \"mixed\",\r\n    \"diacritics\": \"include\",\r\n    \"streetFormat\": \"countryCommonStyle\",\r\n    \"postalFormat\": \"countryCommonStyle\",\r\n    \"regionFormat\": \"countryCommonStyle\",\r\n    \"scriptConversion\": \"none\",\r\n    \"geoAssign\": \"best\",\r\n    \"suggestionSuppressLevel\": \"none\"\r\n  }\r\n}"
		},
		{
			"id": "b646dfd0-b01c-535d-b83d-f46cf3399e57",
			"headers": "Authorization: {ReplaceWithBasicAuthToken}",
			"url": "{ReplaceWithOAuthTokenEndpoint}?grant_type=client_credentials",
			"preRequestScript": null,
			"pathVariables": {},
			"method": "POST",
			"data": null,
			"dataMode": "params",
			"tests": null,
			"currentHelper": "normal",
			"helperAttributes": {},
			"time": 1490799298815,
			"name": "Request oAuth token",
			"description": "",
			"collectionId": "576f0daa-7c82-6f59-a1f5-9e4e1519ba65",
			"responses": []
		}
	]
}