{
  "id": "7715eadd-e572-41d7-8fc6-0573f41731cd",
  "name": "samplesEnvironment",
  "values": [
    {
      "key": "applicationURL",
      "value": "{ReplaceWithApplicationURL}",
      "type": "text",
      "enabled": true
    },
    {
      "key": "oauthAccessToken",
      "value": "{ReplaceWithOAuthAccessToken}",
      "type": "text",
      "enabled": true
    }
  ],
  "_postman_variable_scope": "environment",
  "_postman_exported_at": "2018-09-19T16:05:14.336Z",
  "_postman_exported_using": "Postman/6.3.0"
}