{
	"info": {
		"_postman_id": "3381a9aa-392e-4357-a43d-b5d3ccf3dc50",
		"name": "samplesReverseGeo",
		"description": "This collection contains sample requests that input latitude/longitude coordinates and get a response with nearby addresses.",
		"schema": "https://schema.getpostman.com/json/collection/v2.1.0/collection.json"
	},
	"item": [
		{
			"name": "United States",
			"request": {
				"method": "POST",
				"header": [
					{
						"key": "Content-Type",
						"value": "application/json"
					},
					{
						"key": "Authorization",
						"value": "Bearer {{oauthAccessToken}}"
					},
					{
						"key": "Accept-Language",
						"value": "en"
					}
				],
				"body": {
					"mode": "raw",
					"raw": "{\r\n  \"geoInput\": {\r\n    \"latitude\": 40.398806,\r\n    \"longitude\": -79.986317\r\n  },\r\n\r\n  \"outputFields\": [ \r\n    \"geo_info_code\", \r\n    \"geo_info_code_msg\",\r\n    \"geo_search_results_count\", \r\n    \"geo_search_results\" \r\n   ],\r\n\r\n  \"geoSettings\": {\r\n    \"radius\": 0.5,\r\n    \"distanceUnit\": \"miles\",\r\n    \"maxRecords\": 100\r\n  }\r\n}\r\n"
				},
				"url": {
					"raw": "{{applicationURL}}/reverseGeo",
					"host": [
						"{{applicationURL}}"
					],
					"path": [
						"reverseGeo"
					]
				}
			},
			"response": []
		},
		{
			"name": "United States (Rural)",
			"request": {
				"method": "POST",
				"header": [
					{
						"key": "Content-Type",
						"value": "application/json"
					},
					{
						"key": "Authorization",
						"value": "Bearer {{oauthAccessToken}}"
					},
					{
						"key": "Accept-Language",
						"value": "en"
					}
				],
				"body": {
					"mode": "raw",
					"raw": "{\r\n  \"geoInput\": {\r\n    \"latitude\": 43.519576,\r\n    \"longitude\": -105.130886\r\n  },\r\n\r\n  \"outputFields\": [ \r\n    \"geo_info_code\", \r\n    \"geo_info_code_msg\",\r\n    \"geo_search_results_count\", \r\n    \"geo_search_results\"\r\n   ],\r\n\r\n  \"geoSettings\": {\r\n    \"radius\": 2.0,\r\n    \"distanceUnit\": \"miles\",\r\n    \"maxRecords\": 100\r\n  }\r\n}\r\n"
				},
				"url": {
					"raw": "{{applicationURL}}/reverseGeo",
					"host": [
						"{{applicationURL}}"
					],
					"path": [
						"reverseGeo"
					]
				}
			},
			"response": []
		},
		{
			"name": "Australia",
			"request": {
				"method": "POST",
				"header": [
					{
						"key": "Content-Type",
						"value": "application/json"
					},
					{
						"key": "Authorization",
						"value": "Bearer {{oauthAccessToken}}"
					},
					{
						"key": "Accept-Language",
						"value": "en"
					}
				],
				"body": {
					"mode": "raw",
					"raw": "{\r\n  \"geoInput\": {\r\n    \"latitude\": -37.812040,\r\n    \"longitude\": 144.970589\r\n  },\r\n\r\n  \"outputFields\": [ \r\n    \"geo_info_code\", \r\n    \"geo_info_code_msg\",\r\n    \"geo_search_results_count\", \r\n    \"geo_search_results\"\r\n   ],\r\n\r\n  \"geoSettings\": {\r\n    \"radius\": 0.5,\r\n    \"distanceUnit\": \"kilometers\",\r\n    \"maxRecords\": 100\r\n  }\r\n}"
				},
				"url": {
					"raw": "{{applicationURL}}/reverseGeo",
					"host": [
						"{{applicationURL}}"
					],
					"path": [
						"reverseGeo"
					]
				}
			},
			"response": []
		},
		{
			"name": "Austria",
			"request": {
				"method": "POST",
				"header": [
					{
						"key": "Content-Type",
						"value": "application/json"
					},
					{
						"key": "Authorization",
						"value": "Bearer {{oauthAccessToken}}"
					},
					{
						"key": "Accept-Language",
						"value": "en"
					}
				],
				"body": {
					"mode": "raw",
					"raw": "{\r\n  \"geoInput\": {\r\n    \"latitude\": 47.822205,\r\n    \"longitude\": 13.026975\r\n  },\r\n\r\n  \"outputFields\": [ \r\n    \"geo_info_code\", \r\n    \"geo_info_code_msg\",\r\n    \"geo_search_results_count\", \r\n    \"geo_search_results\"\r\n   ],\r\n\r\n  \"geoSettings\": {\r\n    \"radius\": 0.5,\r\n    \"distanceUnit\": \"kilometers\",\r\n    \"maxRecords\": 100\r\n  }\r\n}\r\n"
				},
				"url": {
					"raw": "{{applicationURL}}/reverseGeo",
					"host": [
						"{{applicationURL}}"
					],
					"path": [
						"reverseGeo"
					]
				}
			},
			"response": []
		},
		{
			"name": "Belgium",
			"request": {
				"method": "POST",
				"header": [
					{
						"key": "Content-Type",
						"value": "application/json"
					},
					{
						"key": "Authorization",
						"value": "Bearer {{oauthAccessToken}}"
					},
					{
						"key": "Accept-Language",
						"value": "en"
					}
				],
				"body": {
					"mode": "raw",
					"raw": "{\r\n  \"geoInput\": {\r\n    \"latitude\": 50.840527,\r\n    \"longitude\": 4.361734\r\n  },\r\n\r\n  \"outputFields\": [ \r\n    \"geo_info_code\", \r\n    \"geo_info_code_msg\",\r\n    \"geo_search_results_count\", \r\n    \"geo_search_results\"\r\n   ],\r\n\r\n  \"geoSettings\": {\r\n    \"radius\": 0.5,\r\n    \"distanceUnit\": \"kilometers\",\r\n    \"maxRecords\": 100\r\n  }\r\n}\r\n"
				},
				"url": {
					"raw": "{{applicationURL}}/reverseGeo",
					"host": [
						"{{applicationURL}}"
					],
					"path": [
						"reverseGeo"
					]
				}
			},
			"response": []
		},
		{
			"name": "Brazil",
			"request": {
				"method": "POST",
				"header": [
					{
						"key": "Content-Type",
						"value": "application/json"
					},
					{
						"key": "Authorization",
						"value": "Bearer {{oauthAccessToken}}"
					},
					{
						"key": "Accept-Language",
						"value": "en"
					}
				],
				"body": {
					"mode": "raw",
					"raw": "{\r\n  \"geoInput\": {\r\n    \"latitude\": -19.918298,\r\n    \"longitude\": -43.927091\r\n  },\r\n\r\n  \"outputFields\": [ \r\n    \"geo_info_code\", \r\n    \"geo_info_code_msg\",\r\n    \"geo_search_results_count\", \r\n    \"geo_search_results\"\r\n   ],\r\n\r\n  \"geoSettings\": {\r\n    \"radius\": 0.5,\r\n    \"distanceUnit\": \"kilometers\",\r\n    \"maxRecords\": 100\r\n  }\r\n}"
				},
				"url": {
					"raw": "{{applicationURL}}/reverseGeo",
					"host": [
						"{{applicationURL}}"
					],
					"path": [
						"reverseGeo"
					]
				}
			},
			"response": []
		},
		{
			"name": "Canada",
			"request": {
				"method": "POST",
				"header": [
					{
						"key": "Content-Type",
						"value": "application/json"
					},
					{
						"key": "Authorization",
						"value": "Bearer {{oauthAccessToken}}"
					},
					{
						"key": "Accept-Language",
						"value": "en"
					}
				],
				"body": {
					"mode": "raw",
					"raw": "{\r\n  \"geoInput\": {\r\n    \"latitude\": 43.651800,\r\n    \"longitude\": -79.370230\r\n  },\r\n\r\n  \"outputFields\": [ \r\n    \"geo_info_code\", \r\n    \"geo_info_code_msg\",\r\n    \"geo_search_results_count\", \r\n    \"geo_search_results\"\r\n   ],\r\n\r\n  \"geoSettings\": {\r\n    \"radius\": 0.5,\r\n    \"distanceUnit\": \"kilometers\",\r\n    \"maxRecords\": 100\r\n  }\r\n}\r\n"
				},
				"url": {
					"raw": "{{applicationURL}}/reverseGeo",
					"host": [
						"{{applicationURL}}"
					],
					"path": [
						"reverseGeo"
					]
				}
			},
			"response": []
		},
		{
			"name": "Czechia",
			"request": {
				"method": "POST",
				"header": [
					{
						"key": "Content-Type",
						"value": "application/json"
					},
					{
						"key": "Authorization",
						"value": "Bearer {{oauthAccessToken}}"
					},
					{
						"key": "Accept-Language",
						"value": "en"
					}
				],
				"body": {
					"mode": "raw",
					"raw": "{\r\n  \"geoInput\": {\r\n    \"latitude\": 50.014113,\r\n    \"longitude\": 14.491516\r\n  },\r\n\r\n  \"outputFields\": [ \r\n    \"geo_info_code\", \r\n    \"geo_info_code_msg\",\r\n    \"geo_search_results_count\", \r\n    \"geo_search_results\"\r\n   ],\r\n\r\n  \"geoSettings\": {\r\n    \"radius\": 0.5,\r\n    \"distanceUnit\": \"kilometers\",\r\n    \"maxRecords\": 100\r\n  }\r\n}\r\n"
				},
				"url": {
					"raw": "{{applicationURL}}/reverseGeo",
					"host": [
						"{{applicationURL}}"
					],
					"path": [
						"reverseGeo"
					]
				}
			},
			"response": []
		},
		{
			"name": "Denmark",
			"request": {
				"method": "POST",
				"header": [
					{
						"key": "Content-Type",
						"value": "application/json"
					},
					{
						"key": "Authorization",
						"value": "Bearer {{oauthAccessToken}}"
					},
					{
						"key": "Accept-Language",
						"value": "en"
					}
				],
				"body": {
					"mode": "raw",
					"raw": "{\r\n  \"geoInput\": {\r\n    \"latitude\": 55.399797,\r\n    \"longitude\": 10.413342\r\n  },\r\n\r\n  \"outputFields\": [ \r\n    \"geo_info_code\", \r\n    \"geo_info_code_msg\",\r\n    \"geo_search_results_count\", \r\n    \"geo_search_results\"\r\n   ],\r\n\r\n  \"geoSettings\": {\r\n    \"radius\": 1.0,\r\n    \"distanceUnit\": \"kilometers\",\r\n    \"maxRecords\": 100\r\n  }\r\n}\r\n"
				},
				"url": {
					"raw": "{{applicationURL}}/reverseGeo",
					"host": [
						"{{applicationURL}}"
					],
					"path": [
						"reverseGeo"
					]
				}
			},
			"response": []
		},
		{
			"name": "Egypt (No Results)",
			"request": {
				"method": "POST",
				"header": [
					{
						"key": "Content-Type",
						"value": "application/json"
					},
					{
						"key": "Authorization",
						"value": "Bearer {{oauthAccessToken}}"
					},
					{
						"key": "Accept-Language",
						"value": "en"
					}
				],
				"body": {
					"mode": "raw",
					"raw": "{\r\n  \"geoInput\": {\r\n    \"latitude\": 31.209461,\r\n    \"longitude\": 29.909382\r\n  },\r\n\r\n  \"outputFields\": [ \r\n    \"geo_info_code\", \r\n    \"geo_info_code_msg\",\r\n    \"geo_search_results_count\", \r\n    \"geo_search_results\"\r\n   ],\r\n\r\n  \"geoSettings\": {\r\n    \"radius\": 100.0,\r\n    \"distanceUnit\": \"kilometers\",\r\n    \"maxRecords\": 100\r\n  }\r\n}\r\n"
				},
				"url": {
					"raw": "{{applicationURL}}/reverseGeo",
					"host": [
						"{{applicationURL}}"
					],
					"path": [
						"reverseGeo"
					]
				}
			},
			"response": []
		},
		{
			"name": "Estonia",
			"request": {
				"method": "POST",
				"header": [
					{
						"key": "Content-Type",
						"value": "application/json"
					},
					{
						"key": "Authorization",
						"value": "Bearer {{oauthAccessToken}}"
					},
					{
						"key": "Accept-Language",
						"value": "en"
					}
				],
				"body": {
					"mode": "raw",
					"raw": "{\r\n  \"geoInput\": {\r\n    \"latitude\": 59.437839,\r\n    \"longitude\": 24.757643\r\n  },\r\n\r\n  \"outputFields\": [ \r\n    \"geo_info_code\", \r\n    \"geo_info_code_msg\",\r\n    \"geo_search_results_count\", \r\n    \"geo_search_results\"\r\n   ],\r\n\r\n  \"geoSettings\": {\r\n    \"radius\": 1.0,\r\n    \"distanceUnit\": \"kilometers\",\r\n    \"maxRecords\": 100\r\n  }\r\n}\r\n"
				},
				"url": {
					"raw": "{{applicationURL}}/reverseGeo",
					"host": [
						"{{applicationURL}}"
					],
					"path": [
						"reverseGeo"
					]
				}
			},
			"response": []
		},
		{
			"name": "Finland",
			"request": {
				"method": "POST",
				"header": [
					{
						"key": "Content-Type",
						"value": "application/json"
					},
					{
						"key": "Authorization",
						"value": "Bearer {{oauthAccessToken}}"
					},
					{
						"key": "Accept-Language",
						"value": "en"
					}
				],
				"body": {
					"mode": "raw",
					"raw": "{\r\n  \"geoInput\": {\r\n    \"latitude\": 60.163136,\r\n    \"longitude\": 24.949114\r\n  },\r\n\r\n  \"outputFields\": [ \r\n    \"geo_info_code\", \r\n    \"geo_info_code_msg\",\r\n    \"geo_search_results_count\", \r\n    \"geo_search_results\"\r\n   ],\r\n\r\n  \"geoSettings\": {\r\n    \"radius\": 1.0,\r\n    \"distanceUnit\": \"kilometers\",\r\n    \"maxRecords\": 100\r\n  }\r\n}\r\n"
				},
				"url": {
					"raw": "{{applicationURL}}/reverseGeo",
					"host": [
						"{{applicationURL}}"
					],
					"path": [
						"reverseGeo"
					]
				}
			},
			"response": []
		},
		{
			"name": "France",
			"request": {
				"method": "POST",
				"header": [
					{
						"key": "Content-Type",
						"value": "application/json"
					},
					{
						"key": "Authorization",
						"value": "Bearer {{oauthAccessToken}}"
					},
					{
						"key": "Accept-Language",
						"value": "en"
					}
				],
				"body": {
					"mode": "raw",
					"raw": "{\r\n  \"geoInput\": {\r\n    \"latitude\": 47.971089,\r\n    \"longitude\": 0.174699\r\n  },\r\n\r\n  \"outputFields\": [ \r\n    \"geo_info_code\", \r\n    \"geo_info_code_msg\",\r\n    \"geo_search_results_count\", \r\n    \"geo_search_results\"\r\n   ],\r\n\r\n  \"geoSettings\": {\r\n    \"radius\": 0.5,\r\n    \"distanceUnit\": \"kilometers\",\r\n    \"maxRecords\": 100\r\n  }\r\n}\r\n"
				},
				"url": {
					"raw": "{{applicationURL}}/reverseGeo",
					"host": [
						"{{applicationURL}}"
					],
					"path": [
						"reverseGeo"
					]
				}
			},
			"response": []
		},
		{
			"name": "Germany",
			"request": {
				"method": "POST",
				"header": [
					{
						"key": "Content-Type",
						"value": "application/json"
					},
					{
						"key": "Authorization",
						"value": "Bearer {{oauthAccessToken}}"
					},
					{
						"key": "Accept-Language",
						"value": "en"
					}
				],
				"body": {
					"mode": "raw",
					"raw": "{\r\n  \"geoInput\": {\r\n    \"latitude\": 50.712864,\r\n    \"longitude\": 7.070993\r\n  },\r\n\r\n  \"outputFields\": [ \r\n    \"geo_info_code\", \r\n    \"geo_info_code_msg\",\r\n    \"geo_search_results_count\", \r\n    \"geo_search_results\" \r\n   ],\r\n\r\n  \"geoSettings\": {\r\n    \"radius\": 0.5,\r\n    \"distanceUnit\": \"kilometers\",\r\n    \"maxRecords\": 100\r\n  }\r\n}\r\n"
				},
				"url": {
					"raw": "{{applicationURL}}/reverseGeo",
					"host": [
						"{{applicationURL}}"
					],
					"path": [
						"reverseGeo"
					]
				}
			},
			"response": []
		},
		{
			"name": "Germany (Rural)",
			"request": {
				"method": "POST",
				"header": [
					{
						"key": "Content-Type",
						"value": "application/json"
					},
					{
						"key": "Authorization",
						"value": "Bearer {{oauthAccessToken}}"
					},
					{
						"key": "Accept-Language",
						"value": "en"
					}
				],
				"body": {
					"mode": "raw",
					"raw": "{\r\n  \"geoInput\": {\r\n    \"latitude\": 47.903141,\r\n    \"longitude\": 9.390224\r\n  },\r\n\r\n  \"outputFields\": [ \r\n    \"geo_info_code\", \r\n    \"geo_info_code_msg\",\r\n    \"geo_search_results_count\", \r\n    \"geo_search_results\"\r\n   ],\r\n\r\n  \"geoSettings\": {\r\n    \"radius\": 1.5,\r\n    \"distanceUnit\": \"kilometers\",\r\n    \"maxRecords\": 100\r\n  }\r\n}\r\n"
				},
				"url": {
					"raw": "{{applicationURL}}/reverseGeo",
					"host": [
						"{{applicationURL}}"
					],
					"path": [
						"reverseGeo"
					]
				}
			},
			"response": []
		},
		{
			"name": "Italy",
			"request": {
				"method": "POST",
				"header": [
					{
						"key": "Content-Type",
						"value": "application/json"
					},
					{
						"key": "Authorization",
						"value": "Bearer {{oauthAccessToken}}"
					},
					{
						"key": "Accept-Language",
						"value": "en"
					}
				],
				"body": {
					"mode": "raw",
					"raw": "{\r\n  \"geoInput\": {\r\n    \"latitude\": 45.458452,\r\n    \"longitude\": 9.207233\r\n  },\r\n\r\n  \"outputFields\": [ \r\n    \"geo_info_code\", \r\n    \"geo_info_code_msg\",\r\n    \"geo_search_results_count\", \r\n    \"geo_search_results\"\r\n   ],\r\n\r\n  \"geoSettings\": {\r\n    \"radius\": 1.0,\r\n    \"distanceUnit\": \"kilometers\",\r\n    \"maxRecords\": 100\r\n  }\r\n}\r\n"
				},
				"url": {
					"raw": "{{applicationURL}}/reverseGeo",
					"host": [
						"{{applicationURL}}"
					],
					"path": [
						"reverseGeo"
					]
				}
			},
			"response": []
		},
		{
			"name": "Liechtenstein",
			"request": {
				"method": "POST",
				"header": [
					{
						"key": "Content-Type",
						"value": "application/json"
					},
					{
						"key": "Authorization",
						"value": "Bearer {{oauthAccessToken}}"
					},
					{
						"key": "Accept-Language",
						"value": "en"
					}
				],
				"body": {
					"mode": "raw",
					"raw": "{\r\n  \"geoInput\": {\r\n    \"latitude\": 47.136973,\r\n    \"longitude\": 9.518514\r\n  },\r\n\r\n  \"outputFields\": [ \r\n    \"geo_info_code\", \r\n    \"geo_info_code_msg\",\r\n    \"geo_search_results_count\", \r\n    \"geo_search_results\"\r\n   ],\r\n\r\n  \"geoSettings\": {\r\n    \"radius\": 1.0,\r\n    \"distanceUnit\": \"kilometers\",\r\n    \"maxRecords\": 100\r\n  }\r\n}\r\n"
				},
				"url": {
					"raw": "{{applicationURL}}/reverseGeo",
					"host": [
						"{{applicationURL}}"
					],
					"path": [
						"reverseGeo"
					]
				}
			},
			"response": []
		},
		{
			"name": "Lithuania",
			"request": {
				"method": "POST",
				"header": [
					{
						"key": "Content-Type",
						"value": "application/json"
					},
					{
						"key": "Authorization",
						"value": "Bearer {{oauthAccessToken}}"
					},
					{
						"key": "Accept-Language",
						"value": "en"
					}
				],
				"body": {
					"mode": "raw",
					"raw": "{\r\n  \"geoInput\": {\r\n    \"latitude\": 54.683326,\r\n    \"longitude\": 25.281661\r\n  },\r\n\r\n  \"outputFields\": [ \r\n    \"geo_info_code\", \r\n    \"geo_info_code_msg\",\r\n    \"geo_search_results_count\", \r\n    \"geo_search_results\"\r\n   ],\r\n\r\n  \"geoSettings\": {\r\n    \"radius\": 1.0,\r\n    \"distanceUnit\": \"kilometers\",\r\n    \"maxRecords\": 100\r\n  }\r\n}\r\n"
				},
				"url": {
					"raw": "{{applicationURL}}/reverseGeo",
					"host": [
						"{{applicationURL}}"
					],
					"path": [
						"reverseGeo"
					]
				}
			},
			"response": []
		},
		{
			"name": "Luxembourg",
			"request": {
				"method": "POST",
				"header": [
					{
						"key": "Content-Type",
						"value": "application/json"
					},
					{
						"key": "Authorization",
						"value": "Bearer {{oauthAccessToken}}"
					},
					{
						"key": "Accept-Language",
						"value": "en"
					}
				],
				"body": {
					"mode": "raw",
					"raw": "{\r\n  \"geoInput\": {\r\n    \"latitude\": 49.616571,\r\n    \"longitude\": 6.071856\r\n  },\r\n\r\n  \"outputFields\": [ \r\n    \"geo_info_code\", \r\n    \"geo_info_code_msg\",\r\n    \"geo_search_results_count\", \r\n    \"geo_search_results\"\r\n   ],\r\n\r\n  \"geoSettings\": {\r\n    \"radius\": 1.0,\r\n    \"distanceUnit\": \"kilometers\",\r\n    \"maxRecords\": 100\r\n  }\r\n}\r\n"
				},
				"url": {
					"raw": "{{applicationURL}}/reverseGeo",
					"host": [
						"{{applicationURL}}"
					],
					"path": [
						"reverseGeo"
					]
				}
			},
			"response": []
		},
		{
			"name": "Mexico",
			"request": {
				"method": "POST",
				"header": [
					{
						"key": "Content-Type",
						"value": "application/json"
					},
					{
						"key": "Authorization",
						"value": "Bearer {{oauthAccessToken}}"
					},
					{
						"key": "Accept-Language",
						"value": "en"
					}
				],
				"body": {
					"mode": "raw",
					"raw": "{\r\n  \"geoInput\": {\r\n    \"latitude\": 19.710096,\r\n    \"longitude\": -101.206833\r\n  },\r\n\r\n  \"outputFields\": [ \r\n    \"geo_info_code\", \r\n    \"geo_info_code_msg\",\r\n    \"geo_search_results_count\", \r\n    \"geo_search_results\"\r\n   ],\r\n\r\n  \"geoSettings\": {\r\n    \"radius\": 0.5,\r\n    \"distanceUnit\": \"kilometers\",\r\n    \"maxRecords\": 100\r\n  }\r\n}"
				},
				"url": {
					"raw": "{{applicationURL}}/reverseGeo",
					"host": [
						"{{applicationURL}}"
					],
					"path": [
						"reverseGeo"
					]
				}
			},
			"response": []
		},
		{
			"name": "Netherlands",
			"request": {
				"method": "POST",
				"header": [
					{
						"key": "Content-Type",
						"value": "application/json"
					},
					{
						"key": "Authorization",
						"value": "Bearer {{oauthAccessToken}}"
					},
					{
						"key": "Accept-Language",
						"value": "en"
					}
				],
				"body": {
					"mode": "raw",
					"raw": "{\r\n  \"geoInput\": {\r\n    \"latitude\": 51.923299,\r\n    \"longitude\": 4.490325\r\n  },\r\n\r\n  \"outputFields\": [ \r\n    \"geo_info_code\", \r\n    \"geo_info_code_msg\",\r\n    \"geo_search_results_count\", \r\n    \"geo_search_results\"\r\n   ],\r\n\r\n  \"geoSettings\": {\r\n    \"radius\": 1.5,\r\n    \"distanceUnit\": \"kilometers\",\r\n    \"maxRecords\": 100\r\n  }\r\n}"
				},
				"url": {
					"raw": "{{applicationURL}}/reverseGeo",
					"host": [
						"{{applicationURL}}"
					],
					"path": [
						"reverseGeo"
					]
				}
			},
			"response": []
		},
		{
			"name": "Netherlands/Belgium (Boundary)",
			"request": {
				"method": "POST",
				"header": [
					{
						"key": "Content-Type",
						"value": "application/json"
					},
					{
						"key": "Authorization",
						"value": "Bearer {{oauthAccessToken}}"
					},
					{
						"key": "Accept-Language",
						"value": "en"
					}
				],
				"body": {
					"mode": "raw",
					"raw": "{\r\n  \"geoInput\": {\r\n    \"latitude\": 51.356586,\r\n    \"longitude\": 4.397456\r\n  },\r\n\r\n  \"outputFields\": [ \r\n    \"geo_info_code\", \r\n    \"geo_info_code_msg\",\r\n    \"geo_search_results_count\", \r\n    \"geo_search_results\"\r\n   ],\r\n\r\n  \"geoSettings\": {\r\n    \"radius\": 1.0,\r\n    \"distanceUnit\": \"kilometers\",\r\n    \"maxRecords\": 100\r\n  }\r\n}"
				},
				"url": {
					"raw": "{{applicationURL}}/reverseGeo",
					"host": [
						"{{applicationURL}}"
					],
					"path": [
						"reverseGeo"
					]
				}
			},
			"response": []
		},
		{
			"name": "New Zealand",
			"request": {
				"method": "POST",
				"header": [
					{
						"key": "Content-Type",
						"value": "application/json"
					},
					{
						"key": "Authorization",
						"value": "Bearer {{oauthAccessToken}}"
					},
					{
						"key": "Accept-Language",
						"value": "en"
					}
				],
				"body": {
					"mode": "raw",
					"raw": "{\r\n  \"geoInput\": {\r\n    \"latitude\": -41.314360,\r\n    \"longitude\": 174.775781\r\n  },\r\n\r\n  \"outputFields\": [ \r\n    \"geo_info_code\", \r\n    \"geo_info_code_msg\",\r\n    \"geo_search_results_count\", \r\n    \"geo_search_results\"\r\n   ],\r\n\r\n  \"geoSettings\": {\r\n    \"radius\": 100.0,\r\n    \"distanceUnit\": \"kilometers\",\r\n    \"maxRecords\": 100\r\n  }\r\n}"
				},
				"url": {
					"raw": "{{applicationURL}}/reverseGeo",
					"host": [
						"{{applicationURL}}"
					],
					"path": [
						"reverseGeo"
					]
				}
			},
			"response": []
		},
		{
			"name": "Norway",
			"request": {
				"method": "POST",
				"header": [
					{
						"key": "Content-Type",
						"value": "application/json"
					},
					{
						"key": "Authorization",
						"value": "Bearer {{oauthAccessToken}}"
					},
					{
						"key": "Accept-Language",
						"value": "en"
					}
				],
				"body": {
					"mode": "raw",
					"raw": "{\r\n  \"geoInput\": {\r\n    \"latitude\": 59.890185,\r\n    \"longitude\": 10.522933\r\n  },\r\n\r\n  \"outputFields\": [ \r\n    \"geo_info_code\", \r\n    \"geo_info_code_msg\",\r\n    \"geo_search_results_count\", \r\n    \"geo_search_results\"\r\n   ],\r\n\r\n  \"geoSettings\": {\r\n    \"radius\": 100.0,\r\n    \"distanceUnit\": \"kilometers\",\r\n    \"maxRecords\": 100\r\n  }\r\n}"
				},
				"url": {
					"raw": "{{applicationURL}}/reverseGeo",
					"host": [
						"{{applicationURL}}"
					],
					"path": [
						"reverseGeo"
					]
				}
			},
			"response": []
		},
		{
			"name": "Poland",
			"request": {
				"method": "POST",
				"header": [
					{
						"key": "Content-Type",
						"value": "application/json"
					},
					{
						"key": "Authorization",
						"value": "Bearer {{oauthAccessToken}}"
					},
					{
						"key": "Accept-Language",
						"value": "en"
					}
				],
				"body": {
					"mode": "raw",
					"raw": "{\r\n  \"geoInput\": {\r\n    \"latitude\": 52.203144,\r\n    \"longitude\": 21.045874\r\n  },\r\n\r\n  \"outputFields\": [ \r\n    \"geo_info_code\", \r\n    \"geo_info_code_msg\",\r\n    \"geo_search_results_count\", \r\n    \"geo_search_results\"\r\n   ],\r\n\r\n  \"geoSettings\": {\r\n    \"radius\": 1.0,\r\n    \"distanceUnit\": \"kilometers\",\r\n    \"maxRecords\": 100\r\n  }\r\n}\r\n"
				},
				"url": {
					"raw": "{{applicationURL}}/reverseGeo",
					"host": [
						"{{applicationURL}}"
					],
					"path": [
						"reverseGeo"
					]
				}
			},
			"response": []
		},
		{
			"name": "Portugal",
			"request": {
				"method": "POST",
				"header": [
					{
						"key": "Content-Type",
						"value": "application/json"
					},
					{
						"key": "Authorization",
						"value": "Bearer {{oauthAccessToken}}"
					},
					{
						"key": "Accept-Language",
						"value": "en"
					}
				],
				"body": {
					"mode": "raw",
					"raw": "{\r\n  \"geoInput\": {\r\n    \"latitude\": 38.680182,\r\n    \"longitude\": -9.158065\r\n  },\r\n\r\n  \"outputFields\": [ \r\n    \"geo_info_code\", \r\n    \"geo_info_code_msg\",\r\n    \"geo_search_results_count\", \r\n    \"geo_search_results\"\r\n   ],\r\n\r\n  \"geoSettings\": {\r\n    \"radius\": 1.0,\r\n    \"distanceUnit\": \"kilometers\",\r\n    \"maxRecords\": 100\r\n  }\r\n}\r\n"
				},
				"url": {
					"raw": "{{applicationURL}}/reverseGeo",
					"host": [
						"{{applicationURL}}"
					],
					"path": [
						"reverseGeo"
					]
				}
			},
			"response": []
		},
		{
			"name": "Puerto Rico",
			"request": {
				"method": "POST",
				"header": [
					{
						"key": "Content-Type",
						"value": "application/json"
					},
					{
						"key": "Authorization",
						"value": "Bearer {{oauthAccessToken}}"
					},
					{
						"key": "Accept-Language",
						"value": "en"
					}
				],
				"body": {
					"mode": "raw",
					"raw": "{\r\n  \"geoInput\": {\r\n    \"latitude\": 18.449177,\r\n    \"longitude\": -66.060055\r\n  },\r\n\r\n  \"outputFields\": [ \r\n    \"geo_info_code\", \r\n    \"geo_info_code_msg\",\r\n    \"geo_search_results_count\", \r\n    \"geo_search_results\" \r\n   ],\r\n\r\n  \"geoSettings\": {\r\n    \"radius\": 0.5,\r\n    \"distanceUnit\": \"miles\",\r\n    \"maxRecords\": 100\r\n  }\r\n}\r\n"
				},
				"url": {
					"raw": "{{applicationURL}}/reverseGeo",
					"host": [
						"{{applicationURL}}"
					],
					"path": [
						"reverseGeo"
					]
				}
			},
			"response": []
		},
		{
			"name": "Russian Federation",
			"request": {
				"method": "POST",
				"header": [
					{
						"key": "Content-Type",
						"value": "application/json"
					},
					{
						"key": "Authorization",
						"value": "Bearer {{oauthAccessToken}}"
					},
					{
						"key": "Accept-Language",
						"value": "en"
					}
				],
				"body": {
					"mode": "raw",
					"raw": "{\r\n  \"geoInput\": {\r\n    \"latitude\": 55.758032,\r\n    \"longitude\": 37.604306\r\n  },\r\n\r\n  \"outputFields\": [ \r\n    \"geo_info_code\", \r\n    \"geo_info_code_msg\",\r\n    \"geo_search_results_count\", \r\n    \"geo_search_results\" \r\n   ],\r\n\r\n  \"geoSettings\": {\r\n    \"radius\": 0.5,\r\n    \"distanceUnit\": \"kilometers\",\r\n    \"maxRecords\": 100\r\n  }\r\n}\r\n"
				},
				"url": {
					"raw": "{{applicationURL}}/reverseGeo",
					"host": [
						"{{applicationURL}}"
					],
					"path": [
						"reverseGeo"
					]
				}
			},
			"response": []
		},
		{
			"name": "Spain",
			"request": {
				"method": "POST",
				"header": [
					{
						"key": "Content-Type",
						"value": "application/json"
					},
					{
						"key": "Authorization",
						"value": "Bearer {{oauthAccessToken}}"
					},
					{
						"key": "Accept-Language",
						"value": "en"
					}
				],
				"body": {
					"mode": "raw",
					"raw": "{\r\n  \"geoInput\": {\r\n    \"latitude\": 37.879604,\r\n    \"longitude\": -4.780280\r\n  },\r\n\r\n  \"outputFields\": [ \r\n    \"geo_info_code\", \r\n    \"geo_info_code_msg\",\r\n    \"geo_search_results_count\", \r\n    \"geo_search_results\"\r\n   ],\r\n\r\n  \"geoSettings\": {\r\n    \"radius\": 1.0,\r\n    \"distanceUnit\": \"kilometers\",\r\n    \"maxRecords\": 100\r\n  }\r\n}\r\n"
				},
				"url": {
					"raw": "{{applicationURL}}/reverseGeo",
					"host": [
						"{{applicationURL}}"
					],
					"path": [
						"reverseGeo"
					]
				}
			},
			"response": []
		},
		{
			"name": "Sweden",
			"request": {
				"method": "POST",
				"header": [
					{
						"key": "Content-Type",
						"value": "application/json"
					},
					{
						"key": "Authorization",
						"value": "Bearer {{oauthAccessToken}}"
					},
					{
						"key": "Accept-Language",
						"value": "en"
					}
				],
				"body": {
					"mode": "raw",
					"raw": "{\r\n  \"geoInput\": {\r\n    \"latitude\": 59.345500,\r\n    \"longitude\": 18.037337\r\n  },\r\n\r\n  \"outputFields\": [ \r\n    \"geo_info_code\", \r\n    \"geo_info_code_msg\",\r\n    \"geo_search_results_count\", \r\n    \"geo_search_results\"\r\n   ],\r\n\r\n  \"geoSettings\": {\r\n    \"radius\": 1.0,\r\n    \"distanceUnit\": \"kilometers\",\r\n    \"maxRecords\": 100\r\n  }\r\n}\r\n"
				},
				"url": {
					"raw": "{{applicationURL}}/reverseGeo",
					"host": [
						"{{applicationURL}}"
					],
					"path": [
						"reverseGeo"
					]
				}
			},
			"response": []
		},
		{
			"name": "Switzerland",
			"request": {
				"method": "POST",
				"header": [
					{
						"key": "Content-Type",
						"value": "application/json"
					},
					{
						"key": "Authorization",
						"value": "Bearer {{oauthAccessToken}}"
					},
					{
						"key": "Accept-Language",
						"value": "en"
					}
				],
				"body": {
					"mode": "raw",
					"raw": "{\r\n  \"geoInput\": {\r\n    \"latitude\": 47.370730,\r\n    \"longitude\": 8.548299\r\n  },\r\n\r\n  \"outputFields\": [ \r\n    \"geo_info_code\", \r\n    \"geo_info_code_msg\",\r\n    \"geo_search_results_count\", \r\n    \"geo_search_results\"\r\n   ],\r\n\r\n  \"geoSettings\": {\r\n    \"radius\": 1.0,\r\n    \"distanceUnit\": \"kilometers\",\r\n    \"maxRecords\": 100\r\n  }\r\n}\r\n"
				},
				"url": {
					"raw": "{{applicationURL}}/reverseGeo",
					"host": [
						"{{applicationURL}}"
					],
					"path": [
						"reverseGeo"
					]
				}
			},
			"response": []
		},
		{
			"name": "Turkey",
			"request": {
				"method": "POST",
				"header": [
					{
						"key": "Content-Type",
						"value": "application/json"
					},
					{
						"key": "Authorization",
						"value": "Bearer {{oauthAccessToken}}"
					},
					{
						"key": "Accept-Language",
						"value": "en"
					}
				],
				"body": {
					"mode": "raw",
					"raw": "{\r\n  \"geoInput\": {\r\n    \"latitude\": 41.019602,\r\n    \"longitude\": 28.955176\r\n  },\r\n\r\n  \"outputFields\": [ \r\n    \"geo_info_code\", \r\n    \"geo_info_code_msg\",\r\n    \"geo_search_results_count\", \r\n    \"geo_search_results\"\r\n   ],\r\n\r\n  \"geoSettings\": {\r\n    \"radius\": 1.0,\r\n    \"distanceUnit\": \"kilometers\",\r\n    \"maxRecords\": 100\r\n  }\r\n}\r\n"
				},
				"url": {
					"raw": "{{applicationURL}}/reverseGeo",
					"host": [
						"{{applicationURL}}"
					],
					"path": [
						"reverseGeo"
					]
				}
			},
			"response": []
		},
		{
			"name": "United Kingdom",
			"request": {
				"method": "POST",
				"header": [
					{
						"key": "Content-Type",
						"value": "application/json"
					},
					{
						"key": "Authorization",
						"value": "Bearer {{oauthAccessToken}}"
					},
					{
						"key": "Accept-Language",
						"value": "en"
					}
				],
				"body": {
					"mode": "raw",
					"raw": "{\r\n  \"geoInput\": {\r\n    \"latitude\": 51.440151,\r\n    \"longitude\": -2.578453\r\n  },\r\n\r\n  \"outputFields\": [ \r\n    \"geo_info_code\", \r\n    \"geo_info_code_msg\",\r\n    \"geo_search_results_count\", \r\n    \"geo_search_results\"\r\n   ],\r\n\r\n  \"geoSettings\": {\r\n    \"radius\": 1.5,\r\n    \"distanceUnit\": \"kilometers\",\r\n    \"maxRecords\": 100\r\n  }\r\n}"
				},
				"url": {
					"raw": "{{applicationURL}}/reverseGeo",
					"host": [
						"{{applicationURL}}"
					],
					"path": [
						"reverseGeo"
					]
				}
			},
			"response": []
		}
	]
}