{
	"id": "43016bac-8c4a-2e54-4e0f-a454272f0fd9",
	"name": "samplesReverseGeo",
	"description": "This collection contains sample requests that input latitude/longitude coordinates and get a response with nearby addresses.",
	"order": [
		"b8afc0ba-7ef4-bd28-015a-1d1ef79a9f70",
		"66569195-dbcf-2ab6-07e9-73a5f7797b17",
		"6ad12fa0-729e-8062-8d8b-4916f8e4e71f",
		"7d81bbd4-0fa5-092b-d9d9-fad8b14286f6",
		"ce198a5f-f52d-7720-7468-e37270be446c",
		"dfd4e7fd-b6bd-f5df-a923-a3467ed4c6d4",
		"a1d7540a-b425-35c7-746f-b63c4b999678",
		"20871d0a-4260-7167-95db-421a392f320a",
		"8ff8269b-beb4-fbdf-5fd7-321ef8b5ca29",
		"ad75d516-abaa-8143-83f4-9feaf7edbf4f",
		"49757db2-da0b-485b-56a8-7d36083de70b",
		"27a6b8fc-e614-0ba2-66b2-5971ba7ce5bb",
		"caedd7cb-112d-3ce3-3972-5015dee5a178",
		"7d3854cc-7110-b076-ed43-65ca21d548a3",
		"28e4615b-430e-aae6-70e7-f612e3b8de4f",
		"b81c4f89-5064-8bbe-4bbd-ec81ec42d68c",
		"11ecb580-83cb-45cd-06ed-ff55af80f4ae",
		"d81e77af-cd9e-46fb-f05b-eb41a5d09756",
		"1da87ba7-2e1c-0e94-608d-eb41e681557f",
		"2a9b2e7a-815d-e949-3cbf-e258b70d1b9d",
		"cbdc2cbe-0c53-eb91-d42c-77c9bbf9a2c1",
		"0768f62b-b431-6fe2-f7e9-4b55cfbe7bff",
		"c2f04160-f93c-e86d-39e1-0b0c4024c879",
		"34a48d0b-1d79-09ec-b5f7-f6fd2b2bc2fd",
		"a55b850b-292b-c94d-6993-bb299a1bb3e2",
		"335efc7c-a70b-1463-a486-9c3541f908b2",
		"a6181713-8f44-35b7-d0a2-74ba8dd35158",
		"220600d3-06ec-f22e-d373-7c29411e7eff",
		"2d908f06-35bb-d5e0-78ed-ce3a5aad2217",
		"2e4aa601-8604-b09b-d187-1331bd338a27",
		"1d975f10-3029-3b6e-f3b9-e168e0653126",
		"254ab408-c9bb-3b7c-2de3-84ea609aad59",
		"7cfc6b41-b6d9-2dbd-65c1-b84d30901b80"
	],
	"folders": [],
	"timestamp": 1463675595273,
	"owner": 0,
	"public": false,
	"requests": [
		{
			"id": "0768f62b-b431-6fe2-f7e9-4b55cfbe7bff",
			"headers": "Content-Type: application/json\nAuthorization: Bearer {{oauthAccessToken}}\nAccept-Language: en\n",
			"headerData": [
				{
					"key": "Content-Type",
					"value": "application/json",
					"description": "",
					"enabled": true
				},
				{
					"key": "Authorization",
					"value": "Bearer {{oauthAccessToken}}",
					"description": "",
					"enabled": true
				},
				{
					"key": "Accept-Language",
					"value": "en",
					"description": "",
					"enabled": true
				}
			],
			"url": "{{applicationURL}}/reverseGeo",
			"queryParams": [],
			"preRequestScript": "",
			"pathVariables": {},
			"pathVariableData": [],
			"method": "POST",
			"data": [],
			"dataMode": "raw",
			"version": 2,
			"tests": "",
			"currentHelper": "normal",
			"helperAttributes": {},
			"time": 1497455875260,
			"name": "Netherlands/Belgium (Boundary)",
			"description": "",
			"collectionId": "43016bac-8c4a-2e54-4e0f-a454272f0fd9",
			"responses": [],
			"rawModeData": "{\r\n  \"geoInput\": {\r\n    \"latitude\": 51.356586,\r\n    \"longitude\": 4.397456\r\n  },\r\n\r\n  \"outputFields\": [ \r\n    \"geo_info_code\", \r\n    \"geo_info_code_msg\",\r\n    \"geo_search_results_count\", \r\n    \"geo_search_results\"\r\n   ],\r\n\r\n  \"geoSettings\": {\r\n    \"radius\": 1.0,\r\n    \"distanceUnit\": \"kilometers\",\r\n    \"maxRecords\": 100\r\n  }\r\n}"
		},
		{
			"id": "11ecb580-83cb-45cd-06ed-ff55af80f4ae",
			"headers": "Content-Type: application/json\nAuthorization: Bearer {{oauthAccessToken}}\nAccept-Language: en\n",
			"headerData": [
				{
					"key": "Content-Type",
					"value": "application/json",
					"description": "",
					"enabled": true
				},
				{
					"key": "Authorization",
					"value": "Bearer {{oauthAccessToken}}",
					"description": "",
					"enabled": true
				},
				{
					"key": "Accept-Language",
					"value": "en",
					"description": "",
					"enabled": true
				}
			],
			"url": "{{applicationURL}}/reverseGeo",
			"queryParams": [],
			"preRequestScript": "",
			"pathVariables": {},
			"pathVariableData": [],
			"method": "POST",
			"data": [],
			"dataMode": "raw",
			"version": 2,
			"tests": "",
			"currentHelper": "normal",
			"helperAttributes": {},
			"time": 1497455856754,
			"name": "Liechtenstein",
			"description": "",
			"collectionId": "43016bac-8c4a-2e54-4e0f-a454272f0fd9",
			"responses": [],
			"rawModeData": "{\r\n  \"geoInput\": {\r\n    \"latitude\": 47.136973,\r\n    \"longitude\": 9.518514\r\n  },\r\n\r\n  \"outputFields\": [ \r\n    \"geo_info_code\", \r\n    \"geo_info_code_msg\",\r\n    \"geo_search_results_count\", \r\n    \"geo_search_results\"\r\n   ],\r\n\r\n  \"geoSettings\": {\r\n    \"radius\": 1.0,\r\n    \"distanceUnit\": \"kilometers\",\r\n    \"maxRecords\": 100\r\n  }\r\n}\r\n"
		},
		{
			"id": "1d975f10-3029-3b6e-f3b9-e168e0653126",
			"headers": "Content-Type: application/json\nAuthorization: Bearer {{oauthAccessToken}}\nAccept-Language: en\n",
			"headerData": [
				{
					"key": "Content-Type",
					"value": "application/json",
					"description": "",
					"enabled": true
				},
				{
					"key": "Authorization",
					"value": "Bearer {{oauthAccessToken}}",
					"description": "",
					"enabled": true
				},
				{
					"key": "Accept-Language",
					"value": "en",
					"description": "",
					"enabled": true
				}
			],
			"url": "{{applicationURL}}/reverseGeo",
			"queryParams": [],
			"preRequestScript": "",
			"pathVariables": {},
			"pathVariableData": [],
			"method": "POST",
			"data": [],
			"dataMode": "raw",
			"version": 2,
			"tests": "",
			"currentHelper": "normal",
			"helperAttributes": {},
			"time": 1497455911996,
			"name": "Switzerland",
			"description": "",
			"collectionId": "43016bac-8c4a-2e54-4e0f-a454272f0fd9",
			"responses": [],
			"rawModeData": "{\r\n  \"geoInput\": {\r\n    \"latitude\": 47.370730,\r\n    \"longitude\": 8.548299\r\n  },\r\n\r\n  \"outputFields\": [ \r\n    \"geo_info_code\", \r\n    \"geo_info_code_msg\",\r\n    \"geo_search_results_count\", \r\n    \"geo_search_results\"\r\n   ],\r\n\r\n  \"geoSettings\": {\r\n    \"radius\": 1.0,\r\n    \"distanceUnit\": \"kilometers\",\r\n    \"maxRecords\": 100\r\n  }\r\n}\r\n"
		},
		{
			"id": "1da87ba7-2e1c-0e94-608d-eb41e681557f",
			"headers": "Content-Type: application/json\nAuthorization: Bearer {{oauthAccessToken}}\nAccept-Language: en\n",
			"headerData": [
				{
					"key": "Content-Type",
					"value": "application/json",
					"description": "",
					"enabled": true
				},
				{
					"key": "Authorization",
					"value": "Bearer {{oauthAccessToken}}",
					"description": "",
					"enabled": true
				},
				{
					"key": "Accept-Language",
					"value": "en",
					"description": "",
					"enabled": true
				}
			],
			"url": "{{applicationURL}}/reverseGeo",
			"queryParams": [],
			"preRequestScript": "",
			"pathVariables": {},
			"pathVariableData": [],
			"method": "POST",
			"data": [],
			"dataMode": "raw",
			"version": 2,
			"tests": "",
			"currentHelper": "normal",
			"helperAttributes": {},
			"time": 1497455866821,
			"name": "Luxembourg",
			"description": "",
			"collectionId": "43016bac-8c4a-2e54-4e0f-a454272f0fd9",
			"responses": [],
			"rawModeData": "{\r\n  \"geoInput\": {\r\n    \"latitude\": 49.616571,\r\n    \"longitude\": 6.071856\r\n  },\r\n\r\n  \"outputFields\": [ \r\n    \"geo_info_code\", \r\n    \"geo_info_code_msg\",\r\n    \"geo_search_results_count\", \r\n    \"geo_search_results\"\r\n   ],\r\n\r\n  \"geoSettings\": {\r\n    \"radius\": 1.0,\r\n    \"distanceUnit\": \"kilometers\",\r\n    \"maxRecords\": 100\r\n  }\r\n}\r\n"
		},
		{
			"id": "20871d0a-4260-7167-95db-421a392f320a",
			"headers": "Content-Type: application/json\nAuthorization: Bearer {{oauthAccessToken}}\nAccept-Language: en\n",
			"headerData": [
				{
					"key": "Content-Type",
					"value": "application/json",
					"description": "",
					"enabled": true
				},
				{
					"key": "Authorization",
					"value": "Bearer {{oauthAccessToken}}",
					"description": "",
					"enabled": true
				},
				{
					"key": "Accept-Language",
					"value": "en",
					"description": "",
					"enabled": true
				}
			],
			"url": "{{applicationURL}}/reverseGeo",
			"queryParams": [],
			"preRequestScript": "",
			"pathVariables": {},
			"pathVariableData": [],
			"method": "POST",
			"data": [],
			"dataMode": "raw",
			"version": 2,
			"tests": "",
			"currentHelper": "normal",
			"helperAttributes": {},
			"time": 1497455821723,
			"name": "Czechia",
			"description": "",
			"collectionId": "43016bac-8c4a-2e54-4e0f-a454272f0fd9",
			"responses": [],
			"rawModeData": "{\r\n  \"geoInput\": {\r\n    \"latitude\": 50.014113,\r\n    \"longitude\": 14.491516\r\n  },\r\n\r\n  \"outputFields\": [ \r\n    \"geo_info_code\", \r\n    \"geo_info_code_msg\",\r\n    \"geo_search_results_count\", \r\n    \"geo_search_results\"\r\n   ],\r\n\r\n  \"geoSettings\": {\r\n    \"radius\": 0.5,\r\n    \"distanceUnit\": \"kilometers\",\r\n    \"maxRecords\": 100\r\n  }\r\n}\r\n"
		},
		{
			"id": "220600d3-06ec-f22e-d373-7c29411e7eff",
			"headers": "Content-Type: application/json\nAuthorization: Bearer {{oauthAccessToken}}\nAccept-Language: en\n",
			"headerData": [
				{
					"key": "Content-Type",
					"value": "application/json",
					"description": "",
					"enabled": true
				},
				{
					"key": "Authorization",
					"value": "Bearer {{oauthAccessToken}}",
					"description": "",
					"enabled": true
				},
				{
					"key": "Accept-Language",
					"value": "en",
					"description": "",
					"enabled": true
				}
			],
			"url": "{{applicationURL}}/reverseGeo",
			"queryParams": [],
			"preRequestScript": "",
			"pathVariables": {},
			"pathVariableData": [],
			"method": "POST",
			"data": [],
			"dataMode": "raw",
			"version": 2,
			"tests": "",
			"currentHelper": "normal",
			"helperAttributes": {},
			"time": 1497561668039,
			"name": "Russian Federation",
			"description": "",
			"collectionId": "43016bac-8c4a-2e54-4e0f-a454272f0fd9",
			"responses": [],
			"rawModeData": "{\r\n  \"geoInput\": {\r\n    \"latitude\": 55.758032,\r\n    \"longitude\": 37.604306\r\n  },\r\n\r\n  \"outputFields\": [ \r\n    \"geo_info_code\", \r\n    \"geo_info_code_msg\",\r\n    \"geo_search_results_count\", \r\n    \"geo_search_results\" \r\n   ],\r\n\r\n  \"geoSettings\": {\r\n    \"radius\": 0.5,\r\n    \"distanceUnit\": \"kilometers\",\r\n    \"maxRecords\": 100\r\n  }\r\n}\r\n"
		},
		{
			"id": "254ab408-c9bb-3b7c-2de3-84ea609aad59",
			"headers": "Content-Type: application/json\nAuthorization: Bearer {{oauthAccessToken}}\nAccept-Language: en\n",
			"headerData": [
				{
					"key": "Content-Type",
					"value": "application/json",
					"description": "",
					"enabled": true
				},
				{
					"key": "Authorization",
					"value": "Bearer {{oauthAccessToken}}",
					"description": "",
					"enabled": true
				},
				{
					"key": "Accept-Language",
					"value": "en",
					"description": "",
					"enabled": true
				}
			],
			"url": "{{applicationURL}}/reverseGeo",
			"queryParams": [],
			"preRequestScript": "",
			"pathVariables": {},
			"pathVariableData": [],
			"method": "POST",
			"data": [],
			"dataMode": "raw",
			"version": 2,
			"tests": "",
			"currentHelper": "normal",
			"helperAttributes": {},
			"time": 1497455915556,
			"name": "Turkey",
			"description": "",
			"collectionId": "43016bac-8c4a-2e54-4e0f-a454272f0fd9",
			"responses": [],
			"rawModeData": "{\r\n  \"geoInput\": {\r\n    \"latitude\": 41.019602,\r\n    \"longitude\": 28.955176\r\n  },\r\n\r\n  \"outputFields\": [ \r\n    \"geo_info_code\", \r\n    \"geo_info_code_msg\",\r\n    \"geo_search_results_count\", \r\n    \"geo_search_results\"\r\n   ],\r\n\r\n  \"geoSettings\": {\r\n    \"radius\": 1.0,\r\n    \"distanceUnit\": \"kilometers\",\r\n    \"maxRecords\": 100\r\n  }\r\n}\r\n"
		},
		{
			"id": "27a6b8fc-e614-0ba2-66b2-5971ba7ce5bb",
			"headers": "Content-Type: application/json\nAuthorization: Bearer {{oauthAccessToken}}\nAccept-Language: en\n",
			"headerData": [
				{
					"key": "Content-Type",
					"value": "application/json",
					"description": "",
					"enabled": true
				},
				{
					"key": "Authorization",
					"value": "Bearer {{oauthAccessToken}}",
					"description": "",
					"enabled": true
				},
				{
					"key": "Accept-Language",
					"value": "en",
					"description": "",
					"enabled": true
				}
			],
			"url": "{{applicationURL}}/reverseGeo",
			"queryParams": [],
			"preRequestScript": "",
			"pathVariables": {},
			"pathVariableData": [],
			"method": "POST",
			"data": [],
			"dataMode": "raw",
			"version": 2,
			"tests": "",
			"currentHelper": "normal",
			"helperAttributes": {},
			"time": 1497455837387,
			"name": "Finland",
			"description": "",
			"collectionId": "43016bac-8c4a-2e54-4e0f-a454272f0fd9",
			"responses": [],
			"rawModeData": "{\r\n  \"geoInput\": {\r\n    \"latitude\": 60.163136,\r\n    \"longitude\": 24.949114\r\n  },\r\n\r\n  \"outputFields\": [ \r\n    \"geo_info_code\", \r\n    \"geo_info_code_msg\",\r\n    \"geo_search_results_count\", \r\n    \"geo_search_results\"\r\n   ],\r\n\r\n  \"geoSettings\": {\r\n    \"radius\": 1.0,\r\n    \"distanceUnit\": \"kilometers\",\r\n    \"maxRecords\": 100\r\n  }\r\n}\r\n"
		},
		{
			"id": "28e4615b-430e-aae6-70e7-f612e3b8de4f",
			"headers": "Content-Type: application/json\nAuthorization: Bearer {{oauthAccessToken}}\nAccept-Language: en\n",
			"headerData": [
				{
					"key": "Content-Type",
					"value": "application/json",
					"description": "",
					"enabled": true
				},
				{
					"key": "Authorization",
					"value": "Bearer {{oauthAccessToken}}",
					"description": "",
					"enabled": true
				},
				{
					"key": "Accept-Language",
					"value": "en",
					"description": "",
					"enabled": true
				}
			],
			"url": "{{applicationURL}}/reverseGeo",
			"queryParams": [],
			"preRequestScript": "",
			"pathVariables": {},
			"pathVariableData": [],
			"method": "POST",
			"data": [],
			"dataMode": "raw",
			"version": 2,
			"tests": "",
			"currentHelper": "normal",
			"helperAttributes": {},
			"time": 1497455848251,
			"name": "Germany (Rural)",
			"description": "",
			"collectionId": "43016bac-8c4a-2e54-4e0f-a454272f0fd9",
			"responses": [],
			"rawModeData": "{\r\n  \"geoInput\": {\r\n    \"latitude\": 47.903141,\r\n    \"longitude\": 9.390224\r\n  },\r\n\r\n  \"outputFields\": [ \r\n    \"geo_info_code\", \r\n    \"geo_info_code_msg\",\r\n    \"geo_search_results_count\", \r\n    \"geo_search_results\"\r\n   ],\r\n\r\n  \"geoSettings\": {\r\n    \"radius\": 1.5,\r\n    \"distanceUnit\": \"kilometers\",\r\n    \"maxRecords\": 100\r\n  }\r\n}\r\n"
		},
		{
			"id": "2a9b2e7a-815d-e949-3cbf-e258b70d1b9d",
			"headers": "Content-Type: application/json\nAuthorization: Bearer {{oauthAccessToken}}\nAccept-Language: en\n",
			"headerData": [
				{
					"key": "Content-Type",
					"value": "application/json",
					"description": "",
					"enabled": true
				},
				{
					"key": "Authorization",
					"value": "Bearer {{oauthAccessToken}}",
					"description": "",
					"enabled": true
				},
				{
					"key": "Accept-Language",
					"value": "en",
					"description": "",
					"enabled": true
				}
			],
			"url": "{{applicationURL}}/reverseGeo",
			"queryParams": [],
			"preRequestScript": "",
			"pathVariables": {},
			"pathVariableData": [],
			"method": "POST",
			"data": [],
			"dataMode": "raw",
			"version": 2,
			"tests": "",
			"currentHelper": "normal",
			"helperAttributes": {},
			"time": 1497879803761,
			"name": "Mexico",
			"description": "",
			"collectionId": "43016bac-8c4a-2e54-4e0f-a454272f0fd9",
			"responses": [],
			"rawModeData": "{\r\n  \"geoInput\": {\r\n    \"latitude\": 19.710096,\r\n    \"longitude\": -101.206833\r\n  },\r\n\r\n  \"outputFields\": [ \r\n    \"geo_info_code\", \r\n    \"geo_info_code_msg\",\r\n    \"geo_search_results_count\", \r\n    \"geo_search_results\"\r\n   ],\r\n\r\n  \"geoSettings\": {\r\n    \"radius\": 0.5,\r\n    \"distanceUnit\": \"kilometers\",\r\n    \"maxRecords\": 100\r\n  }\r\n}"
		},
		{
			"id": "2d908f06-35bb-d5e0-78ed-ce3a5aad2217",
			"headers": "Content-Type: application/json\nAuthorization: Bearer {{oauthAccessToken}}\nAccept-Language: en\n",
			"headerData": [
				{
					"key": "Content-Type",
					"value": "application/json",
					"description": "",
					"enabled": true
				},
				{
					"key": "Authorization",
					"value": "Bearer {{oauthAccessToken}}",
					"description": "",
					"enabled": true
				},
				{
					"key": "Accept-Language",
					"value": "en",
					"description": "",
					"enabled": true
				}
			],
			"url": "{{applicationURL}}/reverseGeo",
			"queryParams": [],
			"preRequestScript": "",
			"pathVariables": {},
			"pathVariableData": [],
			"method": "POST",
			"data": [],
			"dataMode": "raw",
			"version": 2,
			"tests": "",
			"currentHelper": "normal",
			"helperAttributes": {},
			"time": 1497455903060,
			"name": "Spain",
			"description": "",
			"collectionId": "43016bac-8c4a-2e54-4e0f-a454272f0fd9",
			"responses": [],
			"rawModeData": "{\r\n  \"geoInput\": {\r\n    \"latitude\": 37.879604,\r\n    \"longitude\": -4.780280\r\n  },\r\n\r\n  \"outputFields\": [ \r\n    \"geo_info_code\", \r\n    \"geo_info_code_msg\",\r\n    \"geo_search_results_count\", \r\n    \"geo_search_results\"\r\n   ],\r\n\r\n  \"geoSettings\": {\r\n    \"radius\": 1.0,\r\n    \"distanceUnit\": \"kilometers\",\r\n    \"maxRecords\": 100\r\n  }\r\n}\r\n"
		},
		{
			"id": "2e4aa601-8604-b09b-d187-1331bd338a27",
			"headers": "Content-Type: application/json\nAuthorization: Bearer {{oauthAccessToken}}\nAccept-Language: en\n",
			"headerData": [
				{
					"key": "Content-Type",
					"value": "application/json",
					"description": "",
					"enabled": true
				},
				{
					"key": "Authorization",
					"value": "Bearer {{oauthAccessToken}}",
					"description": "",
					"enabled": true
				},
				{
					"key": "Accept-Language",
					"value": "en",
					"description": "",
					"enabled": true
				}
			],
			"url": "{{applicationURL}}/reverseGeo",
			"queryParams": [],
			"preRequestScript": "",
			"pathVariables": {},
			"pathVariableData": [],
			"method": "POST",
			"data": [],
			"dataMode": "raw",
			"version": 2,
			"tests": "",
			"currentHelper": "normal",
			"helperAttributes": {},
			"time": 1497455908485,
			"name": "Sweden",
			"description": "",
			"collectionId": "43016bac-8c4a-2e54-4e0f-a454272f0fd9",
			"responses": [],
			"rawModeData": "{\r\n  \"geoInput\": {\r\n    \"latitude\": 59.345500,\r\n    \"longitude\": 18.037337\r\n  },\r\n\r\n  \"outputFields\": [ \r\n    \"geo_info_code\", \r\n    \"geo_info_code_msg\",\r\n    \"geo_search_results_count\", \r\n    \"geo_search_results\"\r\n   ],\r\n\r\n  \"geoSettings\": {\r\n    \"radius\": 1.0,\r\n    \"distanceUnit\": \"kilometers\",\r\n    \"maxRecords\": 100\r\n  }\r\n}\r\n"
		},
		{
			"id": "335efc7c-a70b-1463-a486-9c3541f908b2",
			"headers": "Content-Type: application/json\nAuthorization: Bearer {{oauthAccessToken}}\nAccept-Language: en\n",
			"headerData": [
				{
					"key": "Content-Type",
					"value": "application/json",
					"description": "",
					"enabled": true
				},
				{
					"key": "Authorization",
					"value": "Bearer {{oauthAccessToken}}",
					"description": "",
					"enabled": true
				},
				{
					"key": "Accept-Language",
					"value": "en",
					"description": "",
					"enabled": true
				}
			],
			"url": "{{applicationURL}}/reverseGeo",
			"queryParams": [],
			"preRequestScript": "",
			"pathVariables": {},
			"pathVariableData": [],
			"method": "POST",
			"data": [],
			"dataMode": "raw",
			"version": 2,
			"tests": "",
			"currentHelper": "normal",
			"helperAttributes": {},
			"time": 1497455893548,
			"name": "Portugal",
			"description": "",
			"collectionId": "43016bac-8c4a-2e54-4e0f-a454272f0fd9",
			"responses": [],
			"rawModeData": "{\r\n  \"geoInput\": {\r\n    \"latitude\": 38.680182,\r\n    \"longitude\": -9.158065\r\n  },\r\n\r\n  \"outputFields\": [ \r\n    \"geo_info_code\", \r\n    \"geo_info_code_msg\",\r\n    \"geo_search_results_count\", \r\n    \"geo_search_results\"\r\n   ],\r\n\r\n  \"geoSettings\": {\r\n    \"radius\": 1.0,\r\n    \"distanceUnit\": \"kilometers\",\r\n    \"maxRecords\": 100\r\n  }\r\n}\r\n"
		},
		{
			"id": "34a48d0b-1d79-09ec-b5f7-f6fd2b2bc2fd",
			"headers": "Content-Type: application/json\nAuthorization: Bearer {{oauthAccessToken}}\nAccept-Language: en\n",
			"headerData": [
				{
					"key": "Content-Type",
					"value": "application/json",
					"description": "",
					"enabled": true
				},
				{
					"key": "Authorization",
					"value": "Bearer {{oauthAccessToken}}",
					"description": "",
					"enabled": true
				},
				{
					"key": "Accept-Language",
					"value": "en",
					"description": "",
					"enabled": true
				}
			],
			"url": "{{applicationURL}}/reverseGeo",
			"queryParams": [],
			"preRequestScript": "",
			"pathVariables": {},
			"pathVariableData": [],
			"method": "POST",
			"data": [],
			"dataMode": "raw",
			"version": 2,
			"tests": "",
			"currentHelper": "normal",
			"helperAttributes": {},
			"time": 1497455886525,
			"name": "Norway",
			"description": "",
			"collectionId": "43016bac-8c4a-2e54-4e0f-a454272f0fd9",
			"responses": [],
			"rawModeData": "{\r\n  \"geoInput\": {\r\n    \"latitude\": 59.890185,\r\n    \"longitude\": 10.522933\r\n  },\r\n\r\n  \"outputFields\": [ \r\n    \"geo_info_code\", \r\n    \"geo_info_code_msg\",\r\n    \"geo_search_results_count\", \r\n    \"geo_search_results\"\r\n   ],\r\n\r\n  \"geoSettings\": {\r\n    \"radius\": 100.0,\r\n    \"distanceUnit\": \"kilometers\",\r\n    \"maxRecords\": 100\r\n  }\r\n}"
		},
		{
			"id": "49757db2-da0b-485b-56a8-7d36083de70b",
			"headers": "Content-Type: application/json\nAuthorization: Bearer {{oauthAccessToken}}\nAccept-Language: en\n",
			"headerData": [
				{
					"key": "Content-Type",
					"value": "application/json",
					"description": "",
					"enabled": true
				},
				{
					"key": "Authorization",
					"value": "Bearer {{oauthAccessToken}}",
					"description": "",
					"enabled": true
				},
				{
					"key": "Accept-Language",
					"value": "en",
					"description": "",
					"enabled": true
				}
			],
			"url": "{{applicationURL}}/reverseGeo",
			"queryParams": [],
			"preRequestScript": "",
			"pathVariables": {},
			"pathVariableData": [],
			"method": "POST",
			"data": [],
			"dataMode": "raw",
			"version": 2,
			"tests": "",
			"currentHelper": "normal",
			"helperAttributes": {},
			"time": 1497455833099,
			"name": "Estonia",
			"description": "",
			"collectionId": "43016bac-8c4a-2e54-4e0f-a454272f0fd9",
			"responses": [],
			"rawModeData": "{\r\n  \"geoInput\": {\r\n    \"latitude\": 59.437839,\r\n    \"longitude\": 24.757643\r\n  },\r\n\r\n  \"outputFields\": [ \r\n    \"geo_info_code\", \r\n    \"geo_info_code_msg\",\r\n    \"geo_search_results_count\", \r\n    \"geo_search_results\"\r\n   ],\r\n\r\n  \"geoSettings\": {\r\n    \"radius\": 1.0,\r\n    \"distanceUnit\": \"kilometers\",\r\n    \"maxRecords\": 100\r\n  }\r\n}\r\n"
		},
		{
			"id": "66569195-dbcf-2ab6-07e9-73a5f7797b17",
			"headers": "Content-Type: application/json\nAuthorization: Bearer {{oauthAccessToken}}\nAccept-Language: en\n",
			"headerData": [
				{
					"key": "Content-Type",
					"value": "application/json",
					"description": "",
					"enabled": true
				},
				{
					"key": "Authorization",
					"value": "Bearer {{oauthAccessToken}}",
					"description": "",
					"enabled": true
				},
				{
					"key": "Accept-Language",
					"value": "en",
					"description": "",
					"enabled": true
				}
			],
			"url": "{{applicationURL}}/reverseGeo",
			"queryParams": [],
			"preRequestScript": "",
			"pathVariables": {},
			"pathVariableData": [],
			"method": "POST",
			"data": [],
			"dataMode": "raw",
			"version": 2,
			"tests": "",
			"currentHelper": "normal",
			"helperAttributes": {},
			"time": 1497455802210,
			"name": "United States (Rural)",
			"description": "",
			"collectionId": "43016bac-8c4a-2e54-4e0f-a454272f0fd9",
			"responses": [],
			"rawModeData": "{\r\n  \"geoInput\": {\r\n    \"latitude\": 43.519576,\r\n    \"longitude\": -105.130886\r\n  },\r\n\r\n  \"outputFields\": [ \r\n    \"geo_info_code\", \r\n    \"geo_info_code_msg\",\r\n    \"geo_search_results_count\", \r\n    \"geo_search_results\"\r\n   ],\r\n\r\n  \"geoSettings\": {\r\n    \"radius\": 2.0,\r\n    \"distanceUnit\": \"miles\",\r\n    \"maxRecords\": 100\r\n  }\r\n}\r\n"
		},
		{
			"id": "6ad12fa0-729e-8062-8d8b-4916f8e4e71f",
			"headers": "Content-Type: application/json\nAuthorization: Bearer {{oauthAccessToken}}\nAccept-Language: en\n",
			"headerData": [
				{
					"key": "Content-Type",
					"value": "application/json",
					"description": "",
					"enabled": true
				},
				{
					"key": "Authorization",
					"value": "Bearer {{oauthAccessToken}}",
					"description": "",
					"enabled": true
				},
				{
					"key": "Accept-Language",
					"value": "en",
					"description": "",
					"enabled": true
				}
			],
			"url": "{{applicationURL}}/reverseGeo",
			"queryParams": [],
			"preRequestScript": "",
			"pathVariables": {},
			"pathVariableData": [],
			"method": "POST",
			"data": [],
			"dataMode": "raw",
			"version": 2,
			"tests": "",
			"currentHelper": "normal",
			"helperAttributes": {},
			"time": 1497455805819,
			"name": "Australia",
			"description": "",
			"collectionId": "43016bac-8c4a-2e54-4e0f-a454272f0fd9",
			"responses": [],
			"rawModeData": "{\r\n  \"geoInput\": {\r\n    \"latitude\": -37.812040,\r\n    \"longitude\": 144.970589\r\n  },\r\n\r\n  \"outputFields\": [ \r\n    \"geo_info_code\", \r\n    \"geo_info_code_msg\",\r\n    \"geo_search_results_count\", \r\n    \"geo_search_results\"\r\n   ],\r\n\r\n  \"geoSettings\": {\r\n    \"radius\": 0.5,\r\n    \"distanceUnit\": \"kilometers\",\r\n    \"maxRecords\": 100\r\n  }\r\n}"
		},
		{
			"id": "7cfc6b41-b6d9-2dbd-65c1-b84d30901b80",
			"headers": "Content-Type: application/json\nAuthorization: Bearer {{oauthAccessToken}}\nAccept-Language: en\n",
			"headerData": [
				{
					"key": "Content-Type",
					"value": "application/json",
					"description": "",
					"enabled": true
				},
				{
					"key": "Authorization",
					"value": "Bearer {{oauthAccessToken}}",
					"description": "",
					"enabled": true
				},
				{
					"key": "Accept-Language",
					"value": "en",
					"description": "",
					"enabled": true
				}
			],
			"url": "{{applicationURL}}/reverseGeo",
			"queryParams": [],
			"preRequestScript": "",
			"pathVariables": {},
			"pathVariableData": [],
			"method": "POST",
			"data": [],
			"dataMode": "raw",
			"version": 2,
			"tests": "",
			"currentHelper": "normal",
			"helperAttributes": {},
			"time": 1497455919196,
			"name": "United Kingdom",
			"description": "",
			"collectionId": "43016bac-8c4a-2e54-4e0f-a454272f0fd9",
			"responses": [],
			"rawModeData": "{\r\n  \"geoInput\": {\r\n    \"latitude\": 51.440151,\r\n    \"longitude\": -2.578453\r\n  },\r\n\r\n  \"outputFields\": [ \r\n    \"geo_info_code\", \r\n    \"geo_info_code_msg\",\r\n    \"geo_search_results_count\", \r\n    \"geo_search_results\"\r\n   ],\r\n\r\n  \"geoSettings\": {\r\n    \"radius\": 1.5,\r\n    \"distanceUnit\": \"kilometers\",\r\n    \"maxRecords\": 100\r\n  }\r\n}"
		},
		{
			"id": "7d3854cc-7110-b076-ed43-65ca21d548a3",
			"headers": "Content-Type: application/json\nAuthorization: Bearer {{oauthAccessToken}}\nAccept-Language: en\n",
			"headerData": [
				{
					"key": "Content-Type",
					"value": "application/json",
					"description": "",
					"enabled": true
				},
				{
					"key": "Authorization",
					"value": "Bearer {{oauthAccessToken}}",
					"description": "",
					"enabled": true
				},
				{
					"key": "Accept-Language",
					"value": "en",
					"description": "",
					"enabled": true
				}
			],
			"url": "{{applicationURL}}/reverseGeo",
			"queryParams": [],
			"preRequestScript": "",
			"pathVariables": {},
			"pathVariableData": [],
			"method": "POST",
			"data": [],
			"dataMode": "raw",
			"version": 2,
			"tests": "",
			"currentHelper": "normal",
			"helperAttributes": {},
			"time": 1497455844290,
			"name": "Germany",
			"description": "",
			"collectionId": "43016bac-8c4a-2e54-4e0f-a454272f0fd9",
			"responses": [],
			"rawModeData": "{\r\n  \"geoInput\": {\r\n    \"latitude\": 50.712864,\r\n    \"longitude\": 7.070993\r\n  },\r\n\r\n  \"outputFields\": [ \r\n    \"geo_info_code\", \r\n    \"geo_info_code_msg\",\r\n    \"geo_search_results_count\", \r\n    \"geo_search_results\" \r\n   ],\r\n\r\n  \"geoSettings\": {\r\n    \"radius\": 0.5,\r\n    \"distanceUnit\": \"kilometers\",\r\n    \"maxRecords\": 100\r\n  }\r\n}\r\n"
		},
		{
			"id": "7d81bbd4-0fa5-092b-d9d9-fad8b14286f6",
			"headers": "Content-Type: application/json\nAuthorization: Bearer {{oauthAccessToken}}\nAccept-Language: en\n",
			"headerData": [
				{
					"key": "Content-Type",
					"value": "application/json",
					"description": "",
					"enabled": true
				},
				{
					"key": "Authorization",
					"value": "Bearer {{oauthAccessToken}}",
					"description": "",
					"enabled": true
				},
				{
					"key": "Accept-Language",
					"value": "en",
					"description": "",
					"enabled": true
				}
			],
			"url": "{{applicationURL}}/reverseGeo",
			"queryParams": [],
			"preRequestScript": "",
			"pathVariables": {},
			"pathVariableData": [],
			"method": "POST",
			"data": [],
			"dataMode": "raw",
			"version": 2,
			"tests": "",
			"currentHelper": "normal",
			"helperAttributes": {},
			"time": 1497455809803,
			"name": "Austria",
			"description": "",
			"collectionId": "43016bac-8c4a-2e54-4e0f-a454272f0fd9",
			"responses": [],
			"rawModeData": "{\r\n  \"geoInput\": {\r\n    \"latitude\": 47.822205,\r\n    \"longitude\": 13.026975\r\n  },\r\n\r\n  \"outputFields\": [ \r\n    \"geo_info_code\", \r\n    \"geo_info_code_msg\",\r\n    \"geo_search_results_count\", \r\n    \"geo_search_results\"\r\n   ],\r\n\r\n  \"geoSettings\": {\r\n    \"radius\": 0.5,\r\n    \"distanceUnit\": \"kilometers\",\r\n    \"maxRecords\": 100\r\n  }\r\n}\r\n"
		},
		{
			"id": "8ff8269b-beb4-fbdf-5fd7-321ef8b5ca29",
			"headers": "Content-Type: application/json\nAuthorization: Bearer {{oauthAccessToken}}\nAccept-Language: en\n",
			"headerData": [
				{
					"key": "Content-Type",
					"value": "application/json",
					"description": "",
					"enabled": true
				},
				{
					"key": "Authorization",
					"value": "Bearer {{oauthAccessToken}}",
					"description": "",
					"enabled": true
				},
				{
					"key": "Accept-Language",
					"value": "en",
					"description": "",
					"enabled": true
				}
			],
			"url": "{{applicationURL}}/reverseGeo",
			"queryParams": [],
			"preRequestScript": "",
			"pathVariables": {},
			"pathVariableData": [],
			"method": "POST",
			"data": [],
			"dataMode": "raw",
			"version": 2,
			"tests": "",
			"currentHelper": "normal",
			"helperAttributes": {},
			"time": 1497455826042,
			"name": "Denmark",
			"description": "",
			"collectionId": "43016bac-8c4a-2e54-4e0f-a454272f0fd9",
			"responses": [],
			"rawModeData": "{\r\n  \"geoInput\": {\r\n    \"latitude\": 55.399797,\r\n    \"longitude\": 10.413342\r\n  },\r\n\r\n  \"outputFields\": [ \r\n    \"geo_info_code\", \r\n    \"geo_info_code_msg\",\r\n    \"geo_search_results_count\", \r\n    \"geo_search_results\"\r\n   ],\r\n\r\n  \"geoSettings\": {\r\n    \"radius\": 1.0,\r\n    \"distanceUnit\": \"kilometers\",\r\n    \"maxRecords\": 100\r\n  }\r\n}\r\n"
		},
		{
			"id": "a1d7540a-b425-35c7-746f-b63c4b999678",
			"headers": "Content-Type: application/json\nAuthorization: Bearer {{oauthAccessToken}}\nAccept-Language: en\n",
			"headerData": [
				{
					"key": "Content-Type",
					"value": "application/json",
					"description": "",
					"enabled": true
				},
				{
					"key": "Authorization",
					"value": "Bearer {{oauthAccessToken}}",
					"description": "",
					"enabled": true
				},
				{
					"key": "Accept-Language",
					"value": "en",
					"description": "",
					"enabled": true
				}
			],
			"url": "{{applicationURL}}/reverseGeo",
			"queryParams": [],
			"preRequestScript": "",
			"pathVariables": {},
			"pathVariableData": [],
			"method": "POST",
			"data": [],
			"dataMode": "raw",
			"version": 2,
			"tests": "",
			"currentHelper": "normal",
			"helperAttributes": {},
			"time": 1497455818411,
			"name": "Canada",
			"description": "",
			"collectionId": "43016bac-8c4a-2e54-4e0f-a454272f0fd9",
			"responses": [],
			"rawModeData": "{\r\n  \"geoInput\": {\r\n    \"latitude\": 43.651800,\r\n    \"longitude\": -79.370230\r\n  },\r\n\r\n  \"outputFields\": [ \r\n    \"geo_info_code\", \r\n    \"geo_info_code_msg\",\r\n    \"geo_search_results_count\", \r\n    \"geo_search_results\"\r\n   ],\r\n\r\n  \"geoSettings\": {\r\n    \"radius\": 0.5,\r\n    \"distanceUnit\": \"kilometers\",\r\n    \"maxRecords\": 100\r\n  }\r\n}\r\n"
		},
		{
			"id": "a55b850b-292b-c94d-6993-bb299a1bb3e2",
			"headers": "Content-Type: application/json\nAuthorization: Bearer {{oauthAccessToken}}\nAccept-Language: en\n",
			"headerData": [
				{
					"key": "Content-Type",
					"value": "application/json",
					"description": "",
					"enabled": true
				},
				{
					"key": "Authorization",
					"value": "Bearer {{oauthAccessToken}}",
					"description": "",
					"enabled": true
				},
				{
					"key": "Accept-Language",
					"value": "en",
					"description": "",
					"enabled": true
				}
			],
			"url": "{{applicationURL}}/reverseGeo",
			"queryParams": [],
			"preRequestScript": "",
			"pathVariables": {},
			"pathVariableData": [],
			"method": "POST",
			"data": [],
			"dataMode": "raw",
			"version": 2,
			"tests": "",
			"currentHelper": "normal",
			"helperAttributes": {},
			"time": 1497455890165,
			"name": "Poland",
			"description": "",
			"collectionId": "43016bac-8c4a-2e54-4e0f-a454272f0fd9",
			"responses": [],
			"rawModeData": "{\r\n  \"geoInput\": {\r\n    \"latitude\": 52.203144,\r\n    \"longitude\": 21.045874\r\n  },\r\n\r\n  \"outputFields\": [ \r\n    \"geo_info_code\", \r\n    \"geo_info_code_msg\",\r\n    \"geo_search_results_count\", \r\n    \"geo_search_results\"\r\n   ],\r\n\r\n  \"geoSettings\": {\r\n    \"radius\": 1.0,\r\n    \"distanceUnit\": \"kilometers\",\r\n    \"maxRecords\": 100\r\n  }\r\n}\r\n"
		},
		{
			"id": "a6181713-8f44-35b7-d0a2-74ba8dd35158",
			"headers": "Content-Type: application/json\nAuthorization: Bearer {{oauthAccessToken}}\nAccept-Language: en\n",
			"headerData": [
				{
					"key": "Content-Type",
					"value": "application/json",
					"description": "",
					"enabled": true
				},
				{
					"key": "Authorization",
					"value": "Bearer {{oauthAccessToken}}",
					"description": "",
					"enabled": true
				},
				{
					"key": "Accept-Language",
					"value": "en",
					"description": "",
					"enabled": true
				}
			],
			"url": "{{applicationURL}}/reverseGeo",
			"queryParams": [],
			"preRequestScript": "",
			"pathVariables": {},
			"pathVariableData": [],
			"method": "POST",
			"data": [],
			"dataMode": "raw",
			"version": 2,
			"tests": "",
			"currentHelper": "normal",
			"helperAttributes": {},
			"time": 1497455897996,
			"name": "Puerto Rico",
			"description": "",
			"collectionId": "43016bac-8c4a-2e54-4e0f-a454272f0fd9",
			"responses": [],
			"rawModeData": "{\r\n  \"geoInput\": {\r\n    \"latitude\": 18.449177,\r\n    \"longitude\": -66.060055\r\n  },\r\n\r\n  \"outputFields\": [ \r\n    \"geo_info_code\", \r\n    \"geo_info_code_msg\",\r\n    \"geo_search_results_count\", \r\n    \"geo_search_results\" \r\n   ],\r\n\r\n  \"geoSettings\": {\r\n    \"radius\": 0.5,\r\n    \"distanceUnit\": \"miles\",\r\n    \"maxRecords\": 100\r\n  }\r\n}\r\n"
		},
		{
			"id": "ad75d516-abaa-8143-83f4-9feaf7edbf4f",
			"headers": "Content-Type: application/json\nAuthorization: Bearer {{oauthAccessToken}}\nAccept-Language: en\n",
			"headerData": [
				{
					"key": "Content-Type",
					"value": "application/json",
					"description": "",
					"enabled": true
				},
				{
					"key": "Authorization",
					"value": "Bearer {{oauthAccessToken}}",
					"description": "",
					"enabled": true
				},
				{
					"key": "Accept-Language",
					"value": "en",
					"description": "",
					"enabled": true
				}
			],
			"url": "{{applicationURL}}/reverseGeo",
			"queryParams": [],
			"preRequestScript": "",
			"pathVariables": {},
			"pathVariableData": [],
			"method": "POST",
			"data": [],
			"dataMode": "raw",
			"version": 2,
			"tests": "",
			"currentHelper": "normal",
			"helperAttributes": {},
			"time": 1497455829442,
			"name": "Egypt (No Results)",
			"description": "",
			"collectionId": "43016bac-8c4a-2e54-4e0f-a454272f0fd9",
			"responses": [],
			"rawModeData": "{\r\n  \"geoInput\": {\r\n    \"latitude\": 31.209461,\r\n    \"longitude\": 29.909382\r\n  },\r\n\r\n  \"outputFields\": [ \r\n    \"geo_info_code\", \r\n    \"geo_info_code_msg\",\r\n    \"geo_search_results_count\", \r\n    \"geo_search_results\"\r\n   ],\r\n\r\n  \"geoSettings\": {\r\n    \"radius\": 100.0,\r\n    \"distanceUnit\": \"kilometers\",\r\n    \"maxRecords\": 100\r\n  }\r\n}\r\n"
		},
		{
			"id": "b81c4f89-5064-8bbe-4bbd-ec81ec42d68c",
			"headers": "Content-Type: application/json\nAuthorization: Bearer {{oauthAccessToken}}\nAccept-Language: en\n",
			"headerData": [
				{
					"key": "Content-Type",
					"value": "application/json",
					"description": "",
					"enabled": true
				},
				{
					"key": "Authorization",
					"value": "Bearer {{oauthAccessToken}}",
					"description": "",
					"enabled": true
				},
				{
					"key": "Accept-Language",
					"value": "en",
					"description": "",
					"enabled": true
				}
			],
			"url": "{{applicationURL}}/reverseGeo",
			"queryParams": [],
			"preRequestScript": "",
			"pathVariables": {},
			"pathVariableData": [],
			"method": "POST",
			"data": [],
			"dataMode": "raw",
			"version": 2,
			"tests": "",
			"currentHelper": "normal",
			"helperAttributes": {},
			"time": 1497455853027,
			"name": "Italy",
			"description": "",
			"collectionId": "43016bac-8c4a-2e54-4e0f-a454272f0fd9",
			"responses": [],
			"rawModeData": "{\r\n  \"geoInput\": {\r\n    \"latitude\": 45.458452,\r\n    \"longitude\": 9.207233\r\n  },\r\n\r\n  \"outputFields\": [ \r\n    \"geo_info_code\", \r\n    \"geo_info_code_msg\",\r\n    \"geo_search_results_count\", \r\n    \"geo_search_results\"\r\n   ],\r\n\r\n  \"geoSettings\": {\r\n    \"radius\": 1.0,\r\n    \"distanceUnit\": \"kilometers\",\r\n    \"maxRecords\": 100\r\n  }\r\n}\r\n"
		},
		{
			"id": "b8afc0ba-7ef4-bd28-015a-1d1ef79a9f70",
			"headers": "Content-Type: application/json\nAuthorization: Bearer {{oauthAccessToken}}\nAccept-Language: en\n",
			"headerData": [
				{
					"key": "Content-Type",
					"value": "application/json",
					"description": "",
					"enabled": true
				},
				{
					"key": "Authorization",
					"value": "Bearer {{oauthAccessToken}}",
					"description": "",
					"enabled": true
				},
				{
					"key": "Accept-Language",
					"value": "en",
					"description": "",
					"enabled": true
				}
			],
			"url": "{{applicationURL}}/reverseGeo",
			"queryParams": [],
			"preRequestScript": "",
			"pathVariables": {},
			"pathVariableData": [],
			"method": "POST",
			"data": [],
			"dataMode": "raw",
			"version": 2,
			"tests": "",
			"currentHelper": "normal",
			"helperAttributes": {},
			"time": 1497455798657,
			"name": "United States",
			"description": "",
			"collectionId": "43016bac-8c4a-2e54-4e0f-a454272f0fd9",
			"responses": [],
			"rawModeData": "{\r\n  \"geoInput\": {\r\n    \"latitude\": 40.398806,\r\n    \"longitude\": -79.986317\r\n  },\r\n\r\n  \"outputFields\": [ \r\n    \"geo_info_code\", \r\n    \"geo_info_code_msg\",\r\n    \"geo_search_results_count\", \r\n    \"geo_search_results\" \r\n   ],\r\n\r\n  \"geoSettings\": {\r\n    \"radius\": 0.5,\r\n    \"distanceUnit\": \"miles\",\r\n    \"maxRecords\": 100\r\n  }\r\n}\r\n"
		},
		{
			"id": "c2f04160-f93c-e86d-39e1-0b0c4024c879",
			"headers": "Content-Type: application/json\nAuthorization: Bearer {{oauthAccessToken}}\nAccept-Language: en\n",
			"headerData": [
				{
					"key": "Content-Type",
					"value": "application/json",
					"description": "",
					"enabled": true
				},
				{
					"key": "Authorization",
					"value": "Bearer {{oauthAccessToken}}",
					"description": "",
					"enabled": true
				},
				{
					"key": "Accept-Language",
					"value": "en",
					"description": "",
					"enabled": true
				}
			],
			"url": "{{applicationURL}}/reverseGeo",
			"queryParams": [],
			"preRequestScript": "",
			"pathVariables": {},
			"pathVariableData": [],
			"method": "POST",
			"data": [],
			"dataMode": "raw",
			"version": 2,
			"tests": "",
			"currentHelper": "normal",
			"helperAttributes": {},
			"time": 1497455882773,
			"name": "New Zealand",
			"description": "",
			"collectionId": "43016bac-8c4a-2e54-4e0f-a454272f0fd9",
			"responses": [],
			"rawModeData": "{\r\n  \"geoInput\": {\r\n    \"latitude\": -41.314360,\r\n    \"longitude\": 174.775781\r\n  },\r\n\r\n  \"outputFields\": [ \r\n    \"geo_info_code\", \r\n    \"geo_info_code_msg\",\r\n    \"geo_search_results_count\", \r\n    \"geo_search_results\"\r\n   ],\r\n\r\n  \"geoSettings\": {\r\n    \"radius\": 100.0,\r\n    \"distanceUnit\": \"kilometers\",\r\n    \"maxRecords\": 100\r\n  }\r\n}"
		},
		{
			"id": "caedd7cb-112d-3ce3-3972-5015dee5a178",
			"headers": "Content-Type: application/json\nAuthorization: Bearer {{oauthAccessToken}}\nAccept-Language: en\n",
			"headerData": [
				{
					"key": "Content-Type",
					"value": "application/json",
					"description": "",
					"enabled": true
				},
				{
					"key": "Authorization",
					"value": "Bearer {{oauthAccessToken}}",
					"description": "",
					"enabled": true
				},
				{
					"key": "Accept-Language",
					"value": "en",
					"description": "",
					"enabled": true
				}
			],
			"url": "{{applicationURL}}/reverseGeo",
			"queryParams": [],
			"preRequestScript": "",
			"pathVariables": {},
			"pathVariableData": [],
			"method": "POST",
			"data": [],
			"dataMode": "raw",
			"version": 2,
			"tests": "",
			"currentHelper": "normal",
			"helperAttributes": {},
			"time": 1497455840770,
			"name": "France",
			"description": "",
			"collectionId": "43016bac-8c4a-2e54-4e0f-a454272f0fd9",
			"responses": [],
			"rawModeData": "{\r\n  \"geoInput\": {\r\n    \"latitude\": 47.971089,\r\n    \"longitude\": 0.174699\r\n  },\r\n\r\n  \"outputFields\": [ \r\n    \"geo_info_code\", \r\n    \"geo_info_code_msg\",\r\n    \"geo_search_results_count\", \r\n    \"geo_search_results\"\r\n   ],\r\n\r\n  \"geoSettings\": {\r\n    \"radius\": 0.5,\r\n    \"distanceUnit\": \"kilometers\",\r\n    \"maxRecords\": 100\r\n  }\r\n}\r\n"
		},
		{
			"id": "cbdc2cbe-0c53-eb91-d42c-77c9bbf9a2c1",
			"headers": "Content-Type: application/json\nAuthorization: Bearer {{oauthAccessToken}}\nAccept-Language: en\n",
			"headerData": [
				{
					"key": "Content-Type",
					"value": "application/json",
					"description": "",
					"enabled": true
				},
				{
					"key": "Authorization",
					"value": "Bearer {{oauthAccessToken}}",
					"description": "",
					"enabled": true
				},
				{
					"key": "Accept-Language",
					"value": "en",
					"description": "",
					"enabled": true
				}
			],
			"url": "{{applicationURL}}/reverseGeo",
			"queryParams": [],
			"preRequestScript": "",
			"pathVariables": {},
			"pathVariableData": [],
			"method": "POST",
			"data": [],
			"dataMode": "raw",
			"version": 2,
			"tests": "",
			"currentHelper": "normal",
			"helperAttributes": {},
			"time": 1497455871156,
			"name": "Netherlands",
			"description": "",
			"collectionId": "43016bac-8c4a-2e54-4e0f-a454272f0fd9",
			"responses": [],
			"rawModeData": "{\r\n  \"geoInput\": {\r\n    \"latitude\": 51.923299,\r\n    \"longitude\": 4.490325\r\n  },\r\n\r\n  \"outputFields\": [ \r\n    \"geo_info_code\", \r\n    \"geo_info_code_msg\",\r\n    \"geo_search_results_count\", \r\n    \"geo_search_results\"\r\n   ],\r\n\r\n  \"geoSettings\": {\r\n    \"radius\": 1.5,\r\n    \"distanceUnit\": \"kilometers\",\r\n    \"maxRecords\": 100\r\n  }\r\n}"
		},
		{
			"id": "ce198a5f-f52d-7720-7468-e37270be446c",
			"headers": "Content-Type: application/json\nAuthorization: Bearer {{oauthAccessToken}}\nAccept-Language: en\n",
			"headerData": [
				{
					"key": "Content-Type",
					"value": "application/json",
					"description": "",
					"enabled": true
				},
				{
					"key": "Authorization",
					"value": "Bearer {{oauthAccessToken}}",
					"description": "",
					"enabled": true
				},
				{
					"key": "Accept-Language",
					"value": "en",
					"description": "",
					"enabled": true
				}
			],
			"url": "{{applicationURL}}/reverseGeo",
			"queryParams": [],
			"preRequestScript": "",
			"pathVariables": {},
			"pathVariableData": [],
			"method": "POST",
			"data": [],
			"dataMode": "raw",
			"version": 2,
			"tests": "",
			"currentHelper": "normal",
			"helperAttributes": {},
			"time": 1497455814523,
			"name": "Belgium",
			"description": "",
			"collectionId": "43016bac-8c4a-2e54-4e0f-a454272f0fd9",
			"responses": [],
			"rawModeData": "{\r\n  \"geoInput\": {\r\n    \"latitude\": 50.840527,\r\n    \"longitude\": 4.361734\r\n  },\r\n\r\n  \"outputFields\": [ \r\n    \"geo_info_code\", \r\n    \"geo_info_code_msg\",\r\n    \"geo_search_results_count\", \r\n    \"geo_search_results\"\r\n   ],\r\n\r\n  \"geoSettings\": {\r\n    \"radius\": 0.5,\r\n    \"distanceUnit\": \"kilometers\",\r\n    \"maxRecords\": 100\r\n  }\r\n}\r\n"
		},
		{
			"id": "d81e77af-cd9e-46fb-f05b-eb41a5d09756",
			"headers": "Content-Type: application/json\nAuthorization: Bearer {{oauthAccessToken}}\nAccept-Language: en\n",
			"headerData": [
				{
					"key": "Content-Type",
					"value": "application/json",
					"description": "",
					"enabled": true
				},
				{
					"key": "Authorization",
					"value": "Bearer {{oauthAccessToken}}",
					"description": "",
					"enabled": true
				},
				{
					"key": "Accept-Language",
					"value": "en",
					"description": "",
					"enabled": true
				}
			],
			"url": "{{applicationURL}}/reverseGeo",
			"queryParams": [],
			"preRequestScript": "",
			"pathVariables": {},
			"pathVariableData": [],
			"method": "POST",
			"data": [],
			"dataMode": "raw",
			"version": 2,
			"tests": "",
			"currentHelper": "normal",
			"helperAttributes": {},
			"time": 1497455861860,
			"name": "Lithuania",
			"description": "",
			"collectionId": "43016bac-8c4a-2e54-4e0f-a454272f0fd9",
			"responses": [],
			"rawModeData": "{\r\n  \"geoInput\": {\r\n    \"latitude\": 54.683326,\r\n    \"longitude\": 25.281661\r\n  },\r\n\r\n  \"outputFields\": [ \r\n    \"geo_info_code\", \r\n    \"geo_info_code_msg\",\r\n    \"geo_search_results_count\", \r\n    \"geo_search_results\"\r\n   ],\r\n\r\n  \"geoSettings\": {\r\n    \"radius\": 1.0,\r\n    \"distanceUnit\": \"kilometers\",\r\n    \"maxRecords\": 100\r\n  }\r\n}\r\n"
		},
		{
			"id": "dfd4e7fd-b6bd-f5df-a923-a3467ed4c6d4",
			"headers": "Content-Type: application/json\nAuthorization: Bearer {{oauthAccessToken}}\nAccept-Language: en\n",
			"headerData": [
				{
					"key": "Content-Type",
					"value": "application/json",
					"description": "",
					"enabled": true
				},
				{
					"key": "Authorization",
					"value": "Bearer {{oauthAccessToken}}",
					"description": "",
					"enabled": true
				},
				{
					"key": "Accept-Language",
					"value": "en",
					"description": "",
					"enabled": true
				}
			],
			"url": "{{applicationURL}}/reverseGeo",
			"queryParams": [],
			"preRequestScript": "",
			"pathVariables": {},
			"pathVariableData": [],
			"method": "POST",
			"data": [],
			"dataMode": "raw",
			"version": 2,
			"tests": "",
			"currentHelper": "normal",
			"helperAttributes": {},
			"time": 1497879959599,
			"name": "Brazil",
			"description": "",
			"collectionId": "43016bac-8c4a-2e54-4e0f-a454272f0fd9",
			"responses": [],
			"rawModeData": "{\r\n  \"geoInput\": {\r\n    \"latitude\": -19.918298,\r\n    \"longitude\": -43.927091\r\n  },\r\n\r\n  \"outputFields\": [ \r\n    \"geo_info_code\", \r\n    \"geo_info_code_msg\",\r\n    \"geo_search_results_count\", \r\n    \"geo_search_results\"\r\n   ],\r\n\r\n  \"geoSettings\": {\r\n    \"radius\": 0.5,\r\n    \"distanceUnit\": \"kilometers\",\r\n    \"maxRecords\": 100\r\n  }\r\n}"
		}
	]
}