{
  "id": "ed63fe3f-2c86-40fd-a466-c6605b1a3ebe",
  "name": "samplesEnvironment",
  "values": [
    {
      "enabled": true,
      "key": "applicationURL",
      "value": "{ReplaceWithApplicationURL}",
      "type": "text"
    },
    {
      "enabled": true,
      "key": "oauthAccessToken",
      "value": "{ReplaceWithOAuthAccessToken}",
      "type": "text"
    }
  ],
  "_postman_variable_scope": "environment",
  "_postman_exported_at": "2018-06-26T18:21:19.117Z",
  "_postman_exported_using": "Postman/6.1.3"
}