{
	"info": {
		"_postman_id": "30ce09d4-48b4-449f-8f22-d18c5d57fddf",
		"name": "samplesAdminTasks",
		"schema": "https://schema.getpostman.com/json/collection/v2.1.0/collection.json"
	},
	"item": [
		{
			"name": "Request oAuth token",
			"event": [
				{
					"listen": "test",
					"script": {
						"exec": [
							"var json = JSON.parse(responseBody);\r",
							"pm.environment.set(\"oauthAccessToken\", json.access_token);\r",
							""
						],
						"type": "text/javascript"
					}
				}
			],
			"request": {
				"auth": {
					"type": "basic",
					"basic": [
						{
							"key": "password",
							"value": "{ReplaceWithClientSecret}",
							"type": "string"
						},
						{
							"key": "username",
							"value": "{ReplaceWithClientID}",
							"type": "string"
						}
					]
				},
				"method": "POST",
				"header": [
					{
						"key": "",
						"value": "",
						"disabled": true
					}
				],
				"body": {
					"mode": "raw",
					"raw": ""
				},
				"url": {
					"raw": "{ReplaceWithTokenEndpoint}?grant_type=client_credentials",
					"host": [
						"{ReplaceWithTokenEndpoint}"
					],
					"query": [
						{
							"key": "grant_type",
							"value": "client_credentials"
						}
					]
				}
			},
			"response": []
		},
		{
			"name": "Get list of regions",
			"request": {
				"method": "GET",
				"header": [
					{
						"key": "Content-Type",
						"value": "application/json"
					},
					{
						"key": "Authorization",
						"value": "Bearer {{oauthAccessToken}}"
					}
				],
				"url": {
					"raw": "{{applicationURL}}/refData/region",
					"host": [
						"{{applicationURL}}"
					],
					"path": [
						"refData",
						"region"
					]
				}
			},
			"response": []
		},
		{
			"name": "Get list of countries",
			"request": {
				"method": "GET",
				"header": [
					{
						"key": "Content-Type",
						"value": "application/json"
					},
					{
						"key": "Authorization",
						"value": "Bearer {{oauthAccessToken}}"
					}
				],
				"url": {
					"raw": "{{applicationURL}}/refData/country",
					"host": [
						"{{applicationURL}}"
					],
					"path": [
						"refData",
						"country"
					]
				}
			},
			"response": []
		},
		{
			"name": "Get application version",
			"request": {
				"method": "GET",
				"header": [
					{
						"key": "Content-Type",
						"value": "application/json"
					},
					{
						"key": "Authorization",
						"value": "Bearer {{oauthAccessToken}}"
					}
				],
				"url": {
					"raw": "{{applicationURL}}/version",
					"host": [
						"{{applicationURL}}"
					],
					"path": [
						"version"
					]
				}
			},
			"response": []
		}
	]
}