{
	"info": {
		"_postman_id": "e829c6c7-e849-4468-84c0-6fbbb77f3375",
		"name": "samplesAdminTasks",
		"schema": "https://schema.getpostman.com/json/collection/v2.1.0/collection.json"
	},
	"item": [
		{
			"name": "Request oAuth token",
			"request": {
				"method": "POST",
				"header": [
					{
						"key": "Authorization",
						"value": "{ReplaceWithBasicAuthToken}"
					}
				],
				"body": {
					"mode": "raw",
					"raw": ""
				},
				"url": {
					"raw": "{ReplaceWithOAuthTokenEndpoint}?grant_type=client_credentials",
					"protocol": "https",
					"host": [
						"oauthasservices-ad1dc2e69",
						"hana",
						"ondemand",
						"com"
					],
					"path": [
						"oauth2",
						"api",
						"v1",
						"token"
					],
					"query": [
						{
							"key": "grant_type",
							"value": "client_credentials"
						}
					]
				}
			},
			"response": []
		},
		{
			"name": "Get list of regions",
			"request": {
				"method": "GET",
				"header": [
					{
						"key": "Content-Type",
						"value": "application/json"
					},
					{
						"key": "Authorization",
						"value": "Bearer {{oauthAccessToken}}"
					}
				],
				"body": {
					"mode": "raw",
					"raw": "{\r\n  \"addressInput\": {\r\n    \"country\": \"AD\",\r\n    \"mixed\": \"CARRER PRAT DE LA CREU 93\",\r\n    \"locality\": \"ANDORRA LA VELLA\",\r\n    \"postcode\": \"AD500\"\r\n  },\r\n  \"outputFields\": [\r\n    \"std_addr_address_delivery\",\r\n    \"std_addr_locality_full\",\r\n    \"std_addr_locality2_full\",\r\n    \"std_addr_region_full\",\r\n    \"std_addr_postcode_full\",\r\n    \"std_addr_country_2char\",\r\n    \"std_addr_country_name\",\r\n    \"addr_asmt_level\",\r\n    \"addr_info_code\",\r\n    \"addr_info_code_msg\",\r\n    \"addr_latitude\",\r\n    \"addr_longitude\",\r\n    \"geo_asmt_level\",\r\n    \"geo_info_code\",\r\n    \"geo_info_code_msg\"\r\n  ],\r\n  \"addressSettings\": {\r\n    \"processingMode\": \"both\",\r\n    \"casing\": \"mixed\",\r\n    \"diacritics\": \"include\",\r\n    \"streetFormat\": \"countryCommonStyle\",\r\n    \"postalFormat\": \"countryCommonStyle\",\r\n    \"regionFormat\": \"countryCommonStyle\",\r\n    \"scriptConversion\": \"none\",\r\n    \"geoAssign\": \"best\",\r\n    \"suggestionSuppressLevel\": \"none\"\r\n  }\r\n}"
				},
				"url": {
					"raw": "{{applicationURL}}/refData/region",
					"host": [
						"{{applicationURL}}"
					],
					"path": [
						"refData",
						"region"
					]
				}
			},
			"response": []
		},
		{
			"name": "Get list of countries",
			"request": {
				"method": "GET",
				"header": [
					{
						"key": "Content-Type",
						"value": "application/json"
					},
					{
						"key": "Authorization",
						"value": "Bearer {{oauthAccessToken}}"
					}
				],
				"body": {
					"mode": "raw",
					"raw": "{\r\n  \"addressInput\": {\r\n    \"country\": \"AD\",\r\n    \"mixed\": \"CARRER PRAT DE LA CREU 93\",\r\n    \"locality\": \"ANDORRA LA VELLA\",\r\n    \"postcode\": \"AD500\"\r\n  },\r\n  \"outputFields\": [\r\n    \"std_addr_address_delivery\",\r\n    \"std_addr_locality_full\",\r\n    \"std_addr_locality2_full\",\r\n    \"std_addr_region_full\",\r\n    \"std_addr_postcode_full\",\r\n    \"std_addr_country_2char\",\r\n    \"std_addr_country_name\",\r\n    \"addr_asmt_level\",\r\n    \"addr_info_code\",\r\n    \"addr_info_code_msg\",\r\n    \"addr_latitude\",\r\n    \"addr_longitude\",\r\n    \"geo_asmt_level\",\r\n    \"geo_info_code\",\r\n    \"geo_info_code_msg\"\r\n  ],\r\n  \"addressSettings\": {\r\n    \"processingMode\": \"both\",\r\n    \"casing\": \"mixed\",\r\n    \"diacritics\": \"include\",\r\n    \"streetFormat\": \"countryCommonStyle\",\r\n    \"postalFormat\": \"countryCommonStyle\",\r\n    \"regionFormat\": \"countryCommonStyle\",\r\n    \"scriptConversion\": \"none\",\r\n    \"geoAssign\": \"best\",\r\n    \"suggestionSuppressLevel\": \"none\"\r\n  }\r\n}"
				},
				"url": {
					"raw": "{{applicationURL}}/refData/country",
					"host": [
						"{{applicationURL}}"
					],
					"path": [
						"refData",
						"country"
					]
				}
			},
			"response": []
		},
		{
			"name": "Get application version",
			"request": {
				"method": "GET",
				"header": [
					{
						"key": "Content-Type",
						"value": "application/json"
					},
					{
						"key": "Authorization",
						"value": "Bearer {{oauthAccessToken}}"
					}
				],
				"body": {
					"mode": "raw",
					"raw": "{\r\n  \"addressInput\": {\r\n    \"country\": \"AD\",\r\n    \"mixed\": \"CARRER PRAT DE LA CREU 93\",\r\n    \"locality\": \"ANDORRA LA VELLA\",\r\n    \"postcode\": \"AD500\"\r\n  },\r\n  \"outputFields\": [\r\n    \"std_addr_address_delivery\",\r\n    \"std_addr_locality_full\",\r\n    \"std_addr_locality2_full\",\r\n    \"std_addr_region_full\",\r\n    \"std_addr_postcode_full\",\r\n    \"std_addr_country_2char\",\r\n    \"std_addr_country_name\",\r\n    \"addr_asmt_level\",\r\n    \"addr_info_code\",\r\n    \"addr_info_code_msg\",\r\n    \"addr_latitude\",\r\n    \"addr_longitude\",\r\n    \"geo_asmt_level\",\r\n    \"geo_info_code\",\r\n    \"geo_info_code_msg\"\r\n  ],\r\n  \"addressSettings\": {\r\n    \"processingMode\": \"both\",\r\n    \"casing\": \"mixed\",\r\n    \"diacritics\": \"include\",\r\n    \"streetFormat\": \"countryCommonStyle\",\r\n    \"postalFormat\": \"countryCommonStyle\",\r\n    \"regionFormat\": \"countryCommonStyle\",\r\n    \"scriptConversion\": \"none\",\r\n    \"geoAssign\": \"best\",\r\n    \"suggestionSuppressLevel\": \"none\"\r\n  }\r\n}"
				},
				"url": {
					"raw": "{{applicationURL}}/version",
					"host": [
						"{{applicationURL}}"
					],
					"path": [
						"version"
					]
				}
			},
			"response": []
		}
	]
}