{
  "id": "0edcb96b-521d-3765-9903-3c8b92f5fa86",
  "name": "samplesEnvironment",
  "values": [
    {
      "enabled": true,
      "key": "applicationURL",
      "value": "{ReplaceWithApplicationURL}",
      "type": "text"
    },
    {
      "enabled": true,
      "key": "oauthAccessToken",
      "value": "{ReplaceWithOAuthAccessToken}",
      "type": "text"
    }
  ],
  "_postman_variable_scope": "environment",
  "_postman_exported_at": "2018-03-14T17:41:37.363Z",
  "_postman_exported_using": "Postman/6.0.9"
}