{
	"info": {
		"_postman_id": "407de6bb-e5d7-43ae-be50-a0f498f533bf",
		"name": "samplesReverseGeo",
		"description": "This collection contains sample requests that input latitude/longitude coordinates and get a response with nearby addresses.",
		"schema": "https://schema.getpostman.com/json/collection/v2.1.0/collection.json",
		"_exporter_id": "19502272"
	},
	"item": [
		{
			"name": "Brazil",
			"request": {
				"method": "POST",
				"header": [
					{
						"key": "Content-Type",
						"value": "application/json"
					},
					{
						"key": "Authorization",
						"value": "Bearer {{oauthAccessToken}}"
					},
					{
						"key": "Accept-Language",
						"value": ""
					}
				],
				"body": {
					"mode": "raw",
					"raw": "{\r\n  \"geoInput\": {\r\n    \"latitude\": -19.918298,\r\n    \"longitude\": -43.927091\r\n  },\r\n\r\n  \"outputFields\": [ \r\n    \"geo_info_code\", \r\n    \"geo_info_code_msg\",\r\n    \"geo_search_results_count\", \r\n    \"geo_search_results\"\r\n   ],\r\n\r\n  \"geoSettings\": {\r\n    \"radius\": 0.5,\r\n    \"distanceUnit\": \"kilometers\",\r\n    \"maxRecords\": 10,\r\n    \"geoAssign\": \"houseNumberOnly\"\r\n  }\r\n}"
				},
				"url": {
					"raw": "{{applicationURL}}/reverseGeo",
					"host": [
						"{{applicationURL}}"
					],
					"path": [
						"reverseGeo"
					]
				}
			},
			"response": []
		},
		{
			"name": "France",
			"request": {
				"method": "POST",
				"header": [
					{
						"key": "Content-Type",
						"value": "application/json"
					},
					{
						"key": "Authorization",
						"value": "Bearer {{oauthAccessToken}}"
					},
					{
						"key": "Accept-Language",
						"value": ""
					}
				],
				"body": {
					"mode": "raw",
					"raw": "{\r\n  \"geoInput\": {\r\n    \"latitude\": 48.892548,\r\n    \"longitude\": 2.297544\r\n  },\r\n  \"outputFields\": [ \r\n    \"geo_info_code\", \r\n    \"geo_info_code_msg\",\r\n    \"geo_search_results_count\", \r\n    \"geo_search_results\"\r\n   ],\r\n  \"geoSettings\": {\r\n    \"radius\": 0.5,\r\n    \"distanceUnit\": \"kilometers\",\r\n    \"maxRecords\": 10,\r\n    \"geoAssign\": \"houseNumberOnly\"\r\n  }\r\n}\r\n"
				},
				"url": {
					"raw": "{{applicationURL}}/reverseGeo",
					"host": [
						"{{applicationURL}}"
					],
					"path": [
						"reverseGeo"
					]
				}
			},
			"response": []
		},
		{
			"name": "United States",
			"request": {
				"method": "POST",
				"header": [
					{
						"key": "Content-Type",
						"value": "application/json"
					},
					{
						"key": "Authorization",
						"value": "Bearer {{oauthAccessToken}}"
					},
					{
						"key": "Accept-Language",
						"value": ""
					}
				],
				"body": {
					"mode": "raw",
					"raw": "{\r\n  \"geoInput\": {\r\n    \"latitude\": 40.398806,\r\n    \"longitude\": -79.986317\r\n  },\r\n  \"outputFields\": [ \r\n    \"geo_info_code\", \r\n    \"geo_info_code_msg\",\r\n    \"geo_search_results_count\", \r\n    \"geo_search_results\" \r\n   ],\r\n  \"geoSettings\": {\r\n    \"radius\": 0.5,\r\n    \"distanceUnit\": \"miles\",\r\n    \"maxRecords\": 1,\r\n    \"geoAssign\": \"houseNumberOnly\"\r\n  }\r\n}\r\n"
				},
				"url": {
					"raw": "{{applicationURL}}/reverseGeo",
					"host": [
						"{{applicationURL}}"
					],
					"path": [
						"reverseGeo"
					]
				}
			},
			"response": []
		}
	]
}